2022-08-31 14:03:01.066238 ; 24.94983673095703 ; 41.64409637451172
2022-08-31 14:08:01.273306 ; 25.130271911621094 ; 40.95497131347656
2022-08-31 14:13:01.461297 ; 24.944496154785156 ; 40.00072479248047
2022-08-31 14:18:01.649223 ; 25.110244750976562 ; 40.241241455078125
2022-08-31 14:23:01.837205 ; 25.394058227539062 ; 40.468692779541016
2022-08-31 14:28:01.970772 ; 25.377273559570312 ; 40.06214141845703
2022-08-31 14:33:02.150730 ; 25.1678466796875 ; 38.89808654785156
2022-08-31 14:38:02.296635 ; 25.24394989013672 ; 39.32809829711914
2022-08-31 14:43:02.480622 ; 25.10051727294922 ; 38.558101654052734
2022-08-31 14:48:02.677454 ; 25.038909912109375 ; 38.94453048706055
2022-08-31 14:53:02.800649 ; 25.040245056152344 ; 38.53492736816406
2022-08-31 14:58:02.930671 ; 24.984169006347656 ; 38.58509063720703
2022-08-31 15:03:03.118578 ; 24.968338012695312 ; 38.31443786621094
2022-08-31 15:08:03.306379 ; 24.88880157470703 ; 37.5762939453125
2022-08-31 15:13:03.405871 ; 24.759292602539062 ; 34.82027053833008
2022-08-31 15:18:03.600182 ; 24.700927734375 ; 34.770774841308594
2022-08-31 15:23:03.788226 ; 24.810218811035156 ; 36.861610412597656
2022-08-31 15:28:03.976188 ; 24.861717224121094 ; 37.31536865234375
2022-08-31 15:33:04.164167 ; 24.784469604492188 ; 37.53795623779297
2022-08-31 15:38:04.352131 ; 24.725723266601562 ; 38.060760498046875
2022-08-31 15:43:04.540331 ; 24.768447875976562 ; 38.393211364746094
2022-08-31 15:48:04.660680 ; 24.81517791748047 ; 38.45100402832031
2022-08-31 15:53:04.770683 ; 24.86896514892578 ; 38.10691833496094
2022-08-31 15:58:04.958601 ; 24.859046936035156 ; 38.95730972290039
2022-08-31 16:03:05.146607 ; 24.87201690673828 ; 39.59064483642578
2022-08-31 16:08:05.334581 ; 24.869918823242188 ; 40.70615768432617
2022-08-31 16:13:05.522692 ; 24.874305725097656 ; 39.39676284790039
2022-08-31 16:18:05.710685 ; 24.920654296875 ; 39.18256759643555
2022-08-31 16:23:05.898671 ; 24.970245361328125 ; 39.11314010620117
2022-08-31 16:28:06.086618 ; 24.95574951171875 ; 38.925933837890625
2022-08-31 16:33:06.274607 ; 24.886131286621094 ; 39.13278579711914
2022-08-31 16:38:06.462630 ; 24.961090087890625 ; 39.26372528076172
2022-08-31 16:43:06.650929 ; 24.950218200683594 ; 39.353275299072266
2022-08-31 16:48:06.770669 ; 24.92237091064453 ; 39.54801559448242
2022-08-31 16:53:06.958615 ; 24.91436004638672 ; 39.10551071166992
2022-08-31 16:58:07.147655 ; 24.972915649414062 ; 39.13850784301758
2022-08-31 17:03:07.244648 ; 25.05016326904297 ; 38.9521598815918
2022-08-31 17:08:07.420714 ; 25.06999969482422 ; 38.3946418762207
2022-08-31 17:13:07.530424 ; 25.044822692871094 ; 37.786102294921875
2022-08-31 17:18:07.680619 ; 25.055885314941406 ; 38.10892105102539
2022-08-31 17:23:07.867402 ; 25.05016326904297 ; 38.156986236572266
2022-08-31 17:28:07.990665 ; 25.055503845214844 ; 38.35725784301758
2022-08-31 17:33:08.130655 ; 25.07495880126953 ; 37.580299377441406
2022-08-31 17:38:08.240664 ; 25.05054473876953 ; 36.605072021484375
2022-08-31 17:43:08.417108 ; 25.071334838867188 ; 37.25004196166992
2022-08-31 17:48:08.605054 ; 25.11920928955078 ; 37.00704574584961
2022-08-31 17:53:08.740660 ; 25.12969970703125 ; 37.57791519165039
2022-08-31 17:58:08.928650 ; 25.144195556640625 ; 36.32936477661133
2022-08-31 18:03:09.092035 ; 25.137901306152344 ; 36.26728057861328
2022-08-31 18:08:09.240660 ; 25.121116638183594 ; 35.669612884521484
2022-08-31 18:13:09.428664 ; 25.180816650390625 ; 36.20576858520508
2022-08-31 18:18:09.595996 ; 25.145912170410156 ; 35.485172271728516
2022-08-31 18:23:09.784047 ; 25.198745727539062 ; 36.37285232543945
2022-08-31 18:28:09.890754 ; 25.21953582763672 ; 35.9684944152832
2022-08-31 18:33:10.050660 ; 25.225067138671875 ; 36.699581146240234
2022-08-31 18:38:10.140664 ; 25.26264190673828 ; 36.09962463378906
2022-08-31 18:43:10.240662 ; 25.252532958984375 ; 36.31105422973633
2022-08-31 18:48:10.428615 ; 25.255203247070312 ; 35.700416564941406
2022-08-31 18:53:10.616601 ; 25.275230407714844 ; 35.665225982666016
2022-08-31 18:58:10.740668 ; 25.325775146484375 ; 36.278724670410156
2022-08-31 19:03:10.928644 ; 25.324440002441406 ; 36.31114959716797
2022-08-31 19:08:11.116642 ; 26.07574462890625 ; 35.25714874267578
2022-08-31 19:13:11.240647 ; 25.322532653808594 ; 36.927223205566406
2022-08-31 19:18:11.372496 ; 25.18329620361328 ; 37.38136291503906
2022-08-31 19:23:11.490654 ; 25.15888214111328 ; 37.52317428588867
2022-08-31 19:28:11.678634 ; 25.117874145507812 ; 37.76512145996094
2022-08-31 19:33:11.866533 ; 25.371551513671875 ; 37.950897216796875
2022-08-31 19:38:11.960744 ; 25.3692626953125 ; 38.312435150146484
2022-08-31 19:43:12.146258 ; 25.455093383789062 ; 38.504981994628906
2022-08-31 19:48:12.240608 ; 25.53863525390625 ; 38.314247131347656
2022-08-31 19:53:12.470627 ; 25.59356689453125 ; 38.44318389892578
2022-08-31 19:58:12.610622 ; 25.586318969726562 ; 38.41686248779297
2022-08-31 20:03:12.740616 ; 25.543785095214844 ; 38.60321044921875
2022-08-31 20:08:12.928043 ; 25.490570068359375 ; 38.651180267333984
2022-08-31 20:13:13.115311 ; 25.4302978515625 ; 38.694190979003906
2022-08-31 20:18:13.240663 ; 25.404739379882812 ; 38.78946304321289
2022-08-31 20:23:13.416787 ; 25.334739685058594 ; 38.681888580322266
2022-08-31 20:28:13.604881 ; 25.311279296875 ; 38.76056671142578
2022-08-31 20:33:13.730679 ; 25.277137756347656 ; 38.634490966796875
2022-08-31 20:38:13.860651 ; 25.21648406982422 ; 38.45071792602539
2022-08-31 20:43:13.990681 ; 25.199317932128906 ; 38.277244567871094
2022-08-31 20:48:14.178616 ; 25.183677673339844 ; 38.39912414550781
2022-08-31 20:53:14.346461 ; 25.162887573242188 ; 38.43231201171875
2022-08-31 20:58:14.490659 ; 25.126075744628906 ; 37.932777404785156
2022-08-31 21:03:14.678487 ; 25.07038116455078 ; 37.9023551940918
2022-08-31 21:08:14.850671 ; 24.841880798339844 ; 39.925384521484375
2022-08-31 21:13:14.990669 ; 24.799156188964844 ; 40.199947357177734
2022-08-31 21:18:15.170669 ; 24.69940185546875 ; 40.61603546142578
2022-08-31 21:23:15.358705 ; 24.708938598632812 ; 40.4902458190918
2022-08-31 21:28:15.490674 ; 24.658584594726562 ; 40.763282775878906
2022-08-31 21:33:15.670670 ; 24.621200561523438 ; 41.065311431884766
2022-08-31 21:38:15.858564 ; 24.494361877441406 ; 41.348838806152344
2022-08-31 21:43:15.990665 ; 24.32422637939453 ; 41.950035095214844
2022-08-31 21:48:16.178599 ; 24.322891235351562 ; 42.27190017700195
2022-08-31 21:53:16.366820 ; 24.385452270507812 ; 42.099952697753906
2022-08-31 21:58:16.490664 ; 24.357032775878906 ; 42.110347747802734
2022-08-31 22:03:16.678603 ; 24.53155517578125 ; 41.913414001464844
2022-08-31 22:08:16.820665 ; 24.344253540039062 ; 42.77362823486328
2022-08-31 22:13:17.000692 ; 24.090957641601562 ; 43.2225227355957
2022-08-31 22:18:17.145632 ; 24.120330810546875 ; 43.712711334228516
2022-08-31 22:23:17.290980 ; 24.46880340576172 ; 42.69084930419922
2022-08-31 22:28:17.477279 ; 24.31964874267578 ; 42.81740188598633
2022-08-31 22:33:17.674108 ; 24.257469177246094 ; 42.978668212890625
2022-08-31 22:38:17.861031 ; 24.269485473632812 ; 42.903995513916016
2022-08-31 22:43:18.048165 ; 24.339675903320312 ; 42.658233642578125
2022-08-31 22:48:18.236127 ; 24.231338500976562 ; 43.0485725402832
2022-08-31 22:53:18.424208 ; 24.18537139892578 ; 43.35594177246094
2022-08-31 22:58:18.612205 ; 24.194908142089844 ; 43.309879302978516
2022-08-31 23:03:18.770674 ; 24.018096923828125 ; 43.81847381591797
2022-08-31 23:08:18.900658 ; 24.029541015625 ; 43.83096694946289
2022-08-31 23:13:19.070670 ; 24.05261993408203 ; 43.766117095947266
2022-08-31 23:18:19.241966 ; 24.062728881835938 ; 43.60074996948242
2022-08-31 23:23:19.390677 ; 24.104690551757812 ; 43.45970153808594
2022-08-31 23:28:19.557643 ; 24.007034301757812 ; 43.70565414428711
2022-08-31 23:33:19.745620 ; 23.93360137939453 ; 43.990325927734375
2022-08-31 23:38:19.930692 ; 23.907470703125 ; 43.87683868408203
2022-08-31 23:43:20.118618 ; 23.992156982421875 ; 43.833065032958984
2022-08-31 23:48:20.306560 ; 23.952102661132812 ; 43.76039505004883
2022-08-31 23:53:20.415470 ; 23.964309692382812 ; 43.772220611572266
2022-08-31 23:58:20.603447 ; 24.11346435546875 ; 44.44780349731445
2022-09-01 00:03:20.791379 ; 24.230384826660156 ; 44.156837463378906
2022-09-01 00:08:20.906467 ; 24.35302734375 ; 43.97144317626953
2022-09-01 00:13:21.094669 ; 24.443817138671875 ; 43.83811950683594
2022-09-01 00:18:21.282815 ; 24.4232177734375 ; 43.85957717895508
2022-09-01 00:23:21.444869 ; 24.46746826171875 ; 43.77317428588867
2022-09-01 00:28:21.632844 ; 24.501419067382812 ; 43.8420295715332
2022-09-01 00:33:21.819344 ; 24.494361877441406 ; 43.781280517578125
2022-09-01 00:38:22.000682 ; 24.514389038085938 ; 43.770790100097656
2022-09-01 00:43:22.145034 ; 24.522781372070312 ; 43.857669830322266
2022-09-01 00:48:22.192296 ; 24.46575164794922 ; 43.733978271484375
2022-09-01 00:53:22.338419 ; 24.526596069335938 ; 43.311405181884766
2022-09-01 00:58:22.530074 ; 24.50103759765625 ; 43.215179443359375
2022-09-01 01:03:22.726944 ; 24.499130249023438 ; 43.49565505981445
2022-09-01 01:08:22.914409 ; 24.49665069580078 ; 43.39179992675781
2022-09-01 01:13:23.102444 ; 24.321556091308594 ; 43.7342643737793
2022-09-01 01:18:23.290381 ; 24.179649353027344 ; 43.83506774902344
2022-09-01 01:23:23.431908 ; 24.181556701660156 ; 43.90974044799805
2022-09-01 01:28:23.619944 ; 24.350357055664062 ; 43.92366409301758
2022-09-01 01:33:23.807912 ; 24.35131072998047 ; 43.758392333984375
2022-09-01 01:38:23.995915 ; 23.996734619140625 ; 44.32249069213867
2022-09-01 01:43:24.183856 ; 24.17469024658203 ; 44.034481048583984
2022-09-01 01:48:24.352788 ; 24.104690551757812 ; 43.712806701660156
2022-09-01 01:53:24.541322 ; 23.990821838378906 ; 43.91212463378906
2022-09-01 01:58:24.729527 ; 23.882484436035156 ; 44.091129302978516
2022-09-01 02:03:24.917464 ; 24.061012268066406 ; 43.90888214111328
2022-09-01 02:08:25.079354 ; 24.204254150390625 ; 43.90668869018555
2022-09-01 02:13:25.267465 ; 24.199295043945312 ; 43.63689422607422
2022-09-01 02:18:25.399097 ; 24.202919006347656 ; 43.67647171020508
2022-09-01 02:23:25.587417 ; 24.2919921875 ; 43.7596321105957
2022-09-01 02:28:25.775433 ; 24.33910369873047 ; 43.73893737792969
2022-09-01 02:33:25.963437 ; 24.361038208007812 ; 43.59006881713867
2022-09-01 02:38:26.151419 ; 24.361419677734375 ; 43.56107711791992
2022-09-01 02:43:26.339421 ; 24.35302734375 ; 43.665504455566406
2022-09-01 02:48:26.527439 ; 24.3377685546875 ; 43.454551696777344
2022-09-01 02:53:26.715470 ; 24.27959442138672 ; 43.297767639160156
2022-09-01 02:58:26.910753 ; 24.275779724121094 ; 43.20697784423828
2022-09-01 03:03:27.020706 ; 23.996543884277344 ; 43.48154067993164
2022-09-01 03:08:27.209009 ; 24.07970428466797 ; 43.26753616333008
2022-09-01 03:13:27.430795 ; 24.065017700195312 ; 43.53837966918945
2022-09-01 03:18:27.629155 ; 24.004745483398438 ; 43.39122772216797
2022-09-01 03:23:27.724759 ; 24.009323120117188 ; 43.47572326660156
2022-09-01 03:28:27.912106 ; 23.92597198486328 ; 43.615055084228516
2022-09-01 03:33:28.100087 ; 24.032211303710938 ; 43.648433685302734
2022-09-01 03:38:28.288016 ; 23.944854736328125 ; 43.854331970214844
2022-09-01 03:43:28.386148 ; 23.84967803955078 ; 43.630027770996094
2022-09-01 03:48:28.574184 ; 23.75335693359375 ; 43.81065368652344
2022-09-01 03:53:28.762181 ; 23.74439239501953 ; 43.77403259277344
2022-09-01 03:58:28.950238 ; 23.47431182861328 ; 44.269752502441406
2022-09-01 04:03:29.138289 ; 23.465728759765625 ; 44.13957595825195
2022-09-01 04:08:29.320693 ; 23.632431030273438 ; 43.676090240478516
2022-09-01 04:13:29.509191 ; 23.655128479003906 ; 43.596839904785156
2022-09-01 04:18:29.697215 ; 23.831939697265625 ; 43.42803955078125
2022-09-01 04:23:29.885152 ; 23.52447509765625 ; 43.76201629638672
2022-09-01 04:28:30.073109 ; 23.647117614746094 ; 43.4199333190918
2022-09-01 04:33:30.210663 ; 23.75946044921875 ; 43.26324462890625
2022-09-01 04:38:30.398676 ; 23.75640869140625 ; 43.15223693847656
2022-09-01 04:43:30.586741 ; 23.72455596923828 ; 43.08032989501953
2022-09-01 04:48:30.774740 ; 23.488616943359375 ; 43.54820251464844
2022-09-01 04:53:30.962721 ; 23.78559112548828 ; 43.47248077392578
2022-09-01 04:58:31.150615 ; 23.442459106445312 ; 43.60694885253906
2022-09-01 05:03:31.338539 ; 23.190879821777344 ; 44.089317321777344
2022-09-01 05:08:31.526387 ; 23.248291015625 ; 43.865299224853516
2022-09-01 05:13:31.714390 ; 23.31867218017578 ; 43.639373779296875
2022-09-01 05:18:31.900782 ; 23.497962951660156 ; 43.64452362060547
2022-09-01 05:23:32.090934 ; 23.624801635742188 ; 43.561553955078125
2022-09-01 05:28:32.278794 ; 23.66771697998047 ; 43.614768981933594
2022-09-01 05:33:32.397074 ; 23.527908325195312 ; 43.75438690185547
2022-09-01 05:38:32.586306 ; 23.377227783203125 ; 44.023799896240234
2022-09-01 05:43:32.690631 ; 23.042869567871094 ; 44.84224319458008
2022-09-01 05:48:32.877777 ; 23.19927215576172 ; 44.425392150878906
2022-09-01 05:53:33.065785 ; 23.30646514892578 ; 44.32411193847656
2022-09-01 05:58:33.222643 ; 23.305511474609375 ; 44.200897216796875
2022-09-01 06:03:33.350678 ; 23.221969604492188 ; 44.44847106933594
2022-09-01 06:08:33.538652 ; 23.13823699951172 ; 44.62718963623047
2022-09-01 06:13:33.726647 ; 23.111724853515625 ; 44.704246520996094
2022-09-01 06:18:33.830665 ; 23.402786254882812 ; 44.21224594116211
2022-09-01 06:23:34.018572 ; 23.37493896484375 ; 44.15130615234375
2022-09-01 06:28:34.206692 ; 23.13861846923828 ; 44.567203521728516
2022-09-01 06:33:34.394693 ; 23.20384979248047 ; 44.47612762451172
2022-09-01 06:38:34.582769 ; 23.25267791748047 ; 44.33765411376953
2022-09-01 06:43:34.770796 ; 23.40412139892578 ; 43.98088455200195
2022-09-01 06:48:34.958764 ; 23.508071899414062 ; 44.040489196777344
2022-09-01 06:53:35.051375 ; 23.61907958984375 ; 44.004154205322266
2022-09-01 06:58:35.184163 ; 23.640823364257812 ; 43.949031829833984
2022-09-01 07:03:35.370681 ; 23.660850524902344 ; 43.938255310058594
2022-09-01 07:08:35.558745 ; 23.652076721191406 ; 43.85519027709961
2022-09-01 07:13:35.746747 ; 23.651695251464844 ; 43.924713134765625
2022-09-01 07:18:35.900691 ; 23.655128479003906 ; 43.88599395751953
2022-09-01 07:23:36.088650 ; 23.66962432861328 ; 43.84565353393555
2022-09-01 07:28:36.260662 ; 23.657798767089844 ; 43.959903717041016
2022-09-01 07:33:36.382818 ; 23.557472229003906 ; 43.785953521728516
2022-09-01 07:38:36.570778 ; 23.47259521484375 ; 43.773651123046875
2022-09-01 07:43:36.713456 ; 23.45123291015625 ; 43.934059143066406
2022-09-01 07:48:36.900742 ; 23.47126007080078 ; 43.70450973510742
2022-09-01 07:53:37.090964 ; 23.334503173828125 ; 43.99070739746094
2022-09-01 07:58:37.241552 ; 23.55022430419922 ; 43.9387321472168
2022-09-01 08:03:37.380713 ; 23.644447326660156 ; 43.76716613769531
2022-09-01 08:08:37.550620 ; 23.457908630371094 ; 44.010353088378906
2022-09-01 08:13:37.747444 ; 23.49987030029297 ; 43.881988525390625
2022-09-01 08:18:37.934566 ; 23.541259765625 ; 43.93148422241211
2022-09-01 08:23:38.122460 ; 23.526763916015625 ; 43.920135498046875
2022-09-01 08:28:38.310367 ; 23.526573181152344 ; 43.93806457519531
2022-09-01 08:33:38.498420 ; 23.567581176757812 ; 43.91202926635742
2022-09-01 08:38:38.686406 ; 23.5870361328125 ; 43.95322799682617
2022-09-01 08:43:38.790658 ; 23.608970642089844 ; 44.14644241333008
2022-09-01 08:48:38.978596 ; 23.57463836669922 ; 44.2835807800293
2022-09-01 08:53:39.166549 ; 23.490333557128906 ; 44.39554214477539
2022-09-01 08:58:39.350659 ; 23.4375 ; 44.64921951293945
2022-09-01 09:03:39.538572 ; 23.55785369873047 ; 45.7921028137207
2022-09-01 09:08:39.725514 ; 23.688507080078125 ; 44.759559631347656
2022-09-01 09:13:39.913518 ; 23.59638214111328 ; 45.009708404541016
2022-09-01 09:18:40.101428 ; 23.640060424804688 ; 44.97709274291992
2022-09-01 09:23:40.289325 ; 23.719024658203125 ; 44.72980499267578
2022-09-01 09:28:40.477308 ; 23.763084411621094 ; 44.804954528808594
2022-09-01 09:33:40.590679 ; 23.740196228027344 ; 44.70491409301758
2022-09-01 09:38:40.696913 ; 23.72264862060547 ; 44.88506317138672
2022-09-01 09:43:40.884791 ; 23.64044189453125 ; 45.334625244140625
2022-09-01 09:48:41.072677 ; 23.496055603027344 ; 46.38824462890625
2022-09-01 09:53:41.260619 ; 23.748397827148438 ; 46.587181091308594
2022-09-01 09:58:41.448555 ; 24.170303344726562 ; 45.96967697143555
2022-09-01 10:03:41.630650 ; 24.26910400390625 ; 45.99618911743164
2022-09-01 10:08:41.810672 ; 24.509048461914062 ; 45.80583572387695
2022-09-01 10:13:41.999770 ; 24.57752227783203 ; 45.91064453125
2022-09-01 10:18:42.110701 ; 24.701309204101562 ; 45.507144927978516
2022-09-01 10:23:42.297994 ; 24.84569549560547 ; 45.142269134521484
2022-09-01 10:28:42.480620 ; 24.875259399414062 ; 44.794368743896484
2022-09-01 10:33:42.677503 ; 24.839210510253906 ; 44.59991455078125
2022-09-01 10:38:42.864730 ; 24.828147888183594 ; 44.77577209472656
2022-09-01 10:43:42.988604 ; 24.864959716796875 ; 44.84090805053711
2022-09-01 10:48:43.176591 ; 24.892425537109375 ; 45.02220153808594
2022-09-01 10:53:43.364525 ; 24.88555908203125 ; 45.8221435546875
2022-09-01 10:58:43.552401 ; 25.08392333984375 ; 44.57063674926758
2022-09-01 11:03:43.740367 ; 25.06732940673828 ; 45.479488372802734
2022-09-01 11:08:43.830657 ; 25.133323669433594 ; 45.403385162353516
2022-09-01 11:13:43.972322 ; 25.211143493652344 ; 45.36266326904297
2022-09-01 11:18:44.160174 ; 25.238037109375 ; 44.774436950683594
2022-09-01 11:23:44.340683 ; 25.249671936035156 ; 44.318199157714844
2022-09-01 11:28:44.520674 ; 25.255203247070312 ; 43.709659576416016
2022-09-01 11:33:44.700650 ; 25.199317932128906 ; 44.190120697021484
2022-09-01 11:38:44.888721 ; 25.297927856445312 ; 43.76115798950195
2022-09-01 11:43:45.076676 ; 25.310897827148438 ; 44.00815963745117
2022-09-01 11:48:45.264764 ; 25.40607452392578 ; 43.61286163330078
2022-09-01 11:53:45.379178 ; 25.389480590820312 ; 43.46170425415039
2022-09-01 11:58:45.567238 ; 25.221824645996094 ; 43.24760437011719
2022-09-01 12:03:45.755118 ; 25.20122528076172 ; 42.980003356933594
2022-09-01 12:08:45.856964 ; 25.014686584472656 ; 43.14384460449219
2022-09-01 12:13:46.044931 ; 24.988937377929688 ; 42.97008514404297
2022-09-01 12:18:46.232844 ; 24.915313720703125 ; 43.04962158203125
2022-09-01 12:23:46.420783 ; 24.88574981689453 ; 42.734718322753906
2022-09-01 12:28:46.608711 ; 24.863624572753906 ; 42.48552322387695
2022-09-01 12:33:46.796684 ; 24.8443603515625 ; 42.52290725708008
2022-09-01 12:38:46.980777 ; 24.762344360351562 ; 42.348289489746094
2022-09-01 12:43:47.160618 ; 24.708938598632812 ; 42.009639739990234
2022-09-01 12:48:47.248258 ; 24.769210815429688 ; 41.67013168334961
2022-09-01 12:53:47.394940 ; 24.764060974121094 ; 41.71781539916992
2022-09-01 12:58:47.583138 ; 24.60460662841797 ; 41.13273620605469
2022-09-01 13:03:47.769891 ; 24.546241760253906 ; 40.378665924072266
2022-09-01 13:08:47.957339 ; 24.491500854492188 ; 40.671730041503906
2022-09-01 13:13:48.144624 ; 24.45697784423828 ; 40.499210357666016
2022-09-01 13:18:48.300689 ; 24.285888671875 ; 40.49825668334961
2022-09-01 13:23:48.488602 ; 24.184036254882812 ; 40.24200439453125
2022-09-01 13:28:48.676595 ; 24.209022521972656 ; 40.72093963623047
2022-09-01 13:33:48.770664 ; 24.283599853515625 ; 40.50559997558594
2022-09-01 13:38:48.958570 ; 24.2919921875 ; 40.45753479003906
2022-09-01 13:43:49.146498 ; 24.31659698486328 ; 40.51246643066406
2022-09-01 13:48:49.334390 ; 24.213409423828125 ; 39.98584747314453
2022-09-01 13:53:49.522918 ; 24.22332763671875 ; 39.880943298339844
2022-09-01 13:58:49.710881 ; 24.233055114746094 ; 39.62574005126953
2022-09-01 14:03:49.898825 ; 24.143218994140625 ; 39.3035888671875
2022-09-01 14:08:50.086781 ; 24.14722442626953 ; 39.62526321411133
2022-09-01 14:13:50.274729 ; 24.186325073242188 ; 39.377593994140625
2022-09-01 14:18:50.441503 ; 24.205970764160156 ; 39.34173583984375
2022-09-01 14:23:50.629571 ; 24.21436309814453 ; 39.534854888916016
2022-09-01 14:28:50.817493 ; 24.268150329589844 ; 39.0538215637207
2022-09-01 14:33:51.005521 ; 24.21703338623047 ; 38.191795349121094
2022-09-01 14:38:51.193494 ; 24.20063018798828 ; 37.29276657104492
2022-09-01 14:43:51.381401 ; 24.186325073242188 ; 36.94295883178711
2022-09-01 14:48:51.569369 ; 24.253273010253906 ; 36.61155700683594
2022-09-01 14:53:51.689613 ; 24.199867248535156 ; 36.49120330810547
2022-09-01 14:58:51.877666 ; 24.178314208984375 ; 35.7142448425293
2022-09-01 15:03:52.067690 ; 24.19891357421875 ; 35.9309196472168
2022-09-01 15:08:52.256092 ; 24.328994750976562 ; 36.12661361694336
2022-09-01 15:13:52.440739 ; 24.30896759033203 ; 35.955238342285156
2022-09-01 15:18:52.634619 ; 24.318313598632812 ; 35.467529296875
2022-09-01 15:23:52.821354 ; 24.251937866210938 ; 36.22417449951172
2022-09-01 15:28:53.009064 ; 24.258804321289062 ; 36.1781120300293
2022-09-01 15:33:53.200594 ; 24.262428283691406 ; 36.348915100097656
2022-09-01 15:38:53.388468 ; 24.291229248046875 ; 36.92283630371094
2022-09-01 15:43:53.576482 ; 24.32422637939453 ; 36.820030212402344
2022-09-01 15:48:53.764515 ; 24.628448486328125 ; 36.522483825683594
2022-09-01 15:53:53.890668 ; 24.72858428955078 ; 36.50693893432617
2022-09-01 15:58:54.078499 ; 24.872589111328125 ; 36.59353256225586
2022-09-01 16:03:54.266408 ; 24.956130981445312 ; 36.58151626586914
2022-09-01 16:08:54.454650 ; 25.032997131347656 ; 36.39326095581055
2022-09-01 16:13:54.604538 ; 25.09593963623047 ; 36.50484085083008
2022-09-01 16:18:54.792398 ; 25.1495361328125 ; 36.42845153808594
2022-09-01 16:23:54.980331 ; 25.136947631835938 ; 36.34214401245117
2022-09-01 16:28:55.077802 ; 25.19989013671875 ; 36.70024871826172
2022-09-01 16:33:55.265897 ; 25.21953582763672 ; 36.888980865478516
2022-09-01 16:38:55.453795 ; 25.35991668701172 ; 36.80219650268555
2022-09-01 16:43:55.641775 ; 25.27790069580078 ; 36.766910552978516
2022-09-01 16:48:55.829671 ; 25.1983642578125 ; 36.91377639770508
2022-09-01 16:53:55.970690 ; 25.139999389648438 ; 36.9807243347168
2022-09-01 16:58:56.158623 ; 25.03662109375 ; 37.17823028564453
2022-09-01 17:03:56.346662 ; 25.008773803710938 ; 37.52717971801758
2022-09-01 17:08:56.490663 ; 24.979019165039062 ; 37.52574920654297
2022-09-01 17:13:56.650688 ; 24.924659729003906 ; 37.54472732543945
2022-09-01 17:18:56.838613 ; 24.906158447265625 ; 37.58277893066406
2022-09-01 17:23:57.020764 ; 24.88574981689453 ; 37.53700256347656
2022-09-01 17:28:57.144013 ; 24.849700927734375 ; 37.80078887939453
2022-09-01 17:33:57.289377 ; 24.89471435546875 ; 37.744712829589844
2022-09-01 17:38:57.455545 ; 24.83081817626953 ; 37.90159225463867
2022-09-01 17:43:57.652451 ; 24.803543090820312 ; 38.11788558959961
2022-09-01 17:48:57.839258 ; 24.773788452148438 ; 37.92390823364258
2022-09-01 17:53:58.027102 ; 24.788475036621094 ; 37.9063606262207
2022-09-01 17:58:58.214850 ; 24.779129028320312 ; 37.93039321899414
2022-09-01 18:03:58.370673 ; 24.754714965820312 ; 38.024234771728516
2022-09-01 18:08:58.558734 ; 24.742698669433594 ; 38.12589645385742
2022-09-01 18:13:58.737377 ; 24.74231719970703 ; 38.25273513793945
2022-09-01 18:18:58.925356 ; 24.726295471191406 ; 38.24005126953125
2022-09-01 18:23:59.113367 ; 24.72858428955078 ; 38.28926086425781
2022-09-01 18:28:59.301312 ; 24.72400665283203 ; 38.179683685302734
2022-09-01 18:33:59.489874 ; 24.72991943359375 ; 38.089561462402344
2022-09-01 18:38:59.677867 ; 24.708175659179688 ; 38.15422058105469
2022-09-01 18:43:59.865863 ; 24.698257446289062 ; 38.02518844604492
2022-09-01 18:49:00.053807 ; 24.68585968017578 ; 38.0732536315918
2022-09-01 18:54:00.241847 ; 24.6734619140625 ; 38.09776306152344
2022-09-01 18:59:00.420666 ; 24.68852996826172 ; 38.04969787597656
2022-09-01 19:04:00.608635 ; 24.651527404785156 ; 38.05389404296875
2022-09-01 19:09:00.760666 ; 24.657821655273438 ; 38.04292678833008
2022-09-01 19:14:00.948636 ; 24.64275360107422 ; 38.03529739379883
2022-09-01 19:19:01.136724 ; 24.663162231445312 ; 38.156700134277344
2022-09-01 19:24:01.324693 ; 24.660873413085938 ; 38.166046142578125
2022-09-01 19:29:01.512708 ; 24.653053283691406 ; 38.144874572753906
2022-09-01 19:34:01.700745 ; 24.66583251953125 ; 38.19694519042969
2022-09-01 19:39:01.887148 ; 24.65362548828125 ; 38.317108154296875
2022-09-01 19:44:02.022759 ; 24.662208557128906 ; 38.11483383178711
2022-09-01 19:49:02.130690 ; 24.648094177246094 ; 38.29927444458008
2022-09-01 19:54:02.240609 ; 24.74842071533203 ; 38.059043884277344
2022-09-01 19:59:02.420709 ; 24.736785888671875 ; 37.94965744018555
2022-09-01 20:04:02.550618 ; 24.884033203125 ; 37.757110595703125
2022-09-01 20:09:02.747447 ; 24.869537353515625 ; 37.433528900146484
2022-09-01 20:14:02.919106 ; 24.883079528808594 ; 37.274837493896484
2022-09-01 20:19:03.107022 ; 24.886131286621094 ; 37.13359832763672
2022-09-01 20:24:03.295041 ; 24.828147888183594 ; 37.10126876831055
2022-09-01 20:29:03.441701 ; 24.883079528808594 ; 36.846256256103516
2022-09-01 20:34:03.629696 ; 24.85828399658203 ; 36.592864990234375
2022-09-01 20:39:03.800680 ; 24.820327758789062 ; 36.70482635498047
2022-09-01 20:44:03.988569 ; 24.806594848632812 ; 36.6032600402832
2022-09-01 20:49:04.176495 ; 24.771499633789062 ; 36.3311767578125
2022-09-01 20:54:04.364469 ; 24.82318878173828 ; 36.217308044433594
2022-09-01 20:59:04.552531 ; 24.76329803466797 ; 36.30056381225586
2022-09-01 21:04:04.740439 ; 24.76367950439453 ; 36.20748519897461
2022-09-01 21:09:04.928380 ; 24.73907470703125 ; 35.99138259887695
2022-09-01 21:14:05.116365 ; 24.458885192871094 ; 35.671424865722656
2022-09-01 21:19:05.304366 ; 24.39289093017578 ; 35.63804626464844
2022-09-01 21:24:05.410868 ; 24.420166015625 ; 35.53609848022461
2022-09-01 21:29:05.598995 ; 24.273681640625 ; 35.64472198486328
2022-09-01 21:34:05.782577 ; 24.22313690185547 ; 35.69755554199219
2022-09-01 21:39:05.970622 ; 24.232101440429688 ; 35.70966720581055
2022-09-01 21:44:06.158501 ; 24.094009399414062 ; 36.01560592651367
2022-09-01 21:49:06.346423 ; 24.099159240722656 ; 36.24582290649414
2022-09-01 21:54:06.534322 ; 24.117469787597656 ; 36.35826110839844
2022-09-01 21:59:06.722303 ; 24.187660217285156 ; 36.524200439453125
2022-09-01 22:04:06.900741 ; 24.096107482910156 ; 37.63542175292969
2022-09-01 22:09:07.080657 ; 23.978424072265625 ; 38.80462646484375
2022-09-01 22:14:07.268521 ; 24.101829528808594 ; 39.334869384765625
2022-09-01 22:19:07.440637 ; 24.096107482910156 ; 40.06052017211914
2022-09-01 22:24:07.638623 ; 24.188995361328125 ; 40.02046585083008
2022-09-01 22:29:07.835531 ; 24.199485778808594 ; 40.4261589050293
2022-09-01 22:34:07.970703 ; 24.277496337890625 ; 41.144466400146484
2022-09-01 22:39:08.158596 ; 24.22313690185547 ; 41.279029846191406
2022-09-01 22:44:08.346386 ; 24.06940460205078 ; 42.107582092285156
2022-09-01 22:49:08.440048 ; 23.98395538330078 ; 42.75617599487305
2022-09-01 22:54:08.628046 ; 23.9990234375 ; 42.19093322753906
2022-09-01 22:59:08.820490 ; 24.056243896484375 ; 42.316532135009766
2022-09-01 23:04:09.008445 ; 24.080848693847656 ; 42.26198196411133
2022-09-01 23:09:09.196355 ; 23.95763397216797 ; 42.68474578857422
2022-09-01 23:14:09.384239 ; 23.881149291992188 ; 42.641258239746094
2022-09-01 23:19:09.511155 ; 23.837852478027344 ; 42.65909194946289
2022-09-01 23:24:09.699164 ; 23.871421813964844 ; 42.73357391357422
2022-09-01 23:29:09.887120 ; 23.951339721679688 ; 42.32006072998047
2022-09-01 23:34:10.075056 ; 23.952293395996094 ; 42.10920333862305
2022-09-01 23:39:10.263102 ; 23.88019561767578 ; 42.39797592163086
2022-09-01 23:44:10.407534 ; 23.8067626953125 ; 42.37089157104492
2022-09-01 23:49:10.595679 ; 23.827362060546875 ; 42.22221374511719
2022-09-01 23:54:10.783691 ; 23.799896240234375 ; 42.34943389892578
2022-09-01 23:59:10.971632 ; 23.793792724609375 ; 42.32902526855469
2022-09-02 00:04:11.159573 ; 23.703384399414062 ; 42.4738883972168
2022-09-02 00:09:11.330687 ; 23.670196533203125 ; 42.52490997314453
2022-09-02 00:14:11.518602 ; 23.69251251220703 ; 42.601680755615234
2022-09-02 00:19:11.706578 ; 23.715591430664062 ; 42.340850830078125
2022-09-02 00:24:11.894585 ; 23.59905242919922 ; 42.523193359375
2022-09-02 00:29:12.080686 ; 23.524093627929688 ; 42.67377853393555
2022-09-02 00:34:12.268875 ; 23.536109924316406 ; 43.053627014160156
2022-09-02 00:39:12.440840 ; 23.55060577392578 ; 42.99478530883789
2022-09-02 00:44:12.632158 ; 23.479270935058594 ; 42.97971725463867
2022-09-02 00:49:12.819167 ; 23.505783081054688 ; 42.8746223449707
2022-09-02 00:54:13.007004 ; 23.563575744628906 ; 42.67549514770508
2022-09-02 00:59:13.194986 ; 23.585891723632812 ; 42.798614501953125
2022-09-02 01:04:13.382896 ; 23.603439331054688 ; 42.63029098510742
2022-09-02 01:09:13.570886 ; 23.17333221435547 ; 43.60923767089844
2022-09-02 01:14:13.758810 ; 22.899246215820312 ; 44.12813186645508
2022-09-02 01:19:13.930668 ; 23.249053955078125 ; 43.267822265625
2022-09-02 01:24:14.118730 ; 23.35205078125 ; 43.112850189208984
2022-09-02 01:29:14.306658 ; 23.229408264160156 ; 43.23854446411133
2022-09-02 01:34:14.400669 ; 23.187255859375 ; 43.28908920288086
2022-09-02 01:39:14.530960 ; 23.19355010986328 ; 43.38855743408203
2022-09-02 01:44:14.718956 ; 23.27861785888672 ; 43.151092529296875
2022-09-02 01:49:14.906892 ; 23.31695556640625 ; 43.036460876464844
2022-09-02 01:54:15.094779 ; 23.2940673828125 ; 42.97046661376953
2022-09-02 01:59:15.282672 ; 23.274803161621094 ; 42.885494232177734
2022-09-02 02:04:15.406984 ; 23.270797729492188 ; 42.858314514160156
2022-09-02 02:09:15.595395 ; 23.294448852539062 ; 42.783260345458984
2022-09-02 02:14:15.783365 ; 23.265838623046875 ; 42.80996322631836
2022-09-02 02:19:15.971290 ; 23.201560974121094 ; 42.889404296875
2022-09-02 02:24:16.159200 ; 23.012351989746094 ; 42.913818359375
2022-09-02 02:29:16.347253 ; 22.948837280273438 ; 42.79041290283203
2022-09-02 02:34:16.535175 ; 22.874069213867188 ; 42.81148910522461
2022-09-02 02:39:16.723229 ; 22.853469848632812 ; 42.731666564941406
2022-09-02 02:44:16.910743 ; 22.832870483398438 ; 42.75226593017578
2022-09-02 02:49:17.100710 ; 22.63355255126953 ; 42.913818359375
2022-09-02 02:54:17.200614 ; 22.47467041015625 ; 43.22700500488281
2022-09-02 02:59:17.430809 ; 22.648239135742188 ; 43.037986755371094
2022-09-02 03:04:17.632180 ; 22.5738525390625 ; 42.94109344482422
2022-09-02 03:09:17.730625 ; 22.466278076171875 ; 43.140411376953125
2022-09-02 03:14:17.917851 ; 22.37720489501953 ; 43.303871154785156
2022-09-02 03:19:18.105286 ; 22.393226623535156 ; 43.07394027709961
2022-09-02 03:24:18.240663 ; 22.25341796875 ; 43.39008331298828
2022-09-02 03:29:18.370658 ; 22.191429138183594 ; 43.425750732421875
2022-09-02 03:34:18.491790 ; 22.233200073242188 ; 43.45541000366211
2022-09-02 03:39:18.679808 ; 22.1923828125 ; 43.57280731201172
2022-09-02 03:44:18.867711 ; 22.149276733398438 ; 43.51606369018555
2022-09-02 03:49:18.990654 ; 22.10521697998047 ; 43.582916259765625
2022-09-02 03:54:19.110664 ; 21.978187561035156 ; 43.82057189941406
2022-09-02 03:59:19.288643 ; 21.8841552734375 ; 43.80168914794922
2022-09-02 04:04:19.477144 ; 22.011566162109375 ; 43.42164993286133
2022-09-02 04:09:19.665121 ; 21.862411499023438 ; 43.51329803466797
2022-09-02 04:14:19.853147 ; 21.733665466308594 ; 43.825340270996094
2022-09-02 04:19:20.041082 ; 21.84600830078125 ; 43.47944259643555
2022-09-02 04:24:20.160672 ; 21.60358428955078 ; 43.914222717285156
2022-09-02 04:29:20.340665 ; 21.671104431152344 ; 43.442440032958984
2022-09-02 04:34:20.512233 ; 21.804237365722656 ; 43.08815002441406
2022-09-02 04:39:20.700613 ; 21.78211212158203 ; 42.98572540283203
2022-09-02 04:44:20.888549 ; 21.85535430908203 ; 42.87528991699219
2022-09-02 04:49:20.990661 ; 21.674728393554688 ; 43.1920051574707
2022-09-02 04:54:21.090671 ; 21.63982391357422 ; 42.908668518066406
2022-09-02 04:59:21.240668 ; 21.754074096679688 ; 42.789459228515625
2022-09-02 05:04:21.428563 ; 21.520423889160156 ; 42.8863525390625
2022-09-02 05:09:21.616558 ; 21.285629272460938 ; 43.2581901550293
2022-09-02 05:14:21.730660 ; 21.390533447265625 ; 42.91362762451172
2022-09-02 05:19:21.880661 ; 21.490478515625 ; 42.63477325439453
2022-09-02 05:24:22.060668 ; 21.457672119140625 ; 42.67749786376953
2022-09-02 05:29:22.249173 ; 21.62799835205078 ; 42.50078201293945
2022-09-02 05:34:22.440722 ; 21.418190002441406 ; 42.61741638183594
2022-09-02 05:39:22.638421 ; 21.267127990722656 ; 42.940521240234375
2022-09-02 05:44:22.740638 ; 21.283721923828125 ; 42.788124084472656
2022-09-02 05:49:22.928148 ; 21.275711059570312 ; 42.6417350769043
2022-09-02 05:54:23.116081 ; 21.008682250976562 ; 43.28107833862305
2022-09-02 05:59:23.304058 ; 20.934677124023438 ; 43.11113357543945
2022-09-02 06:04:23.491991 ; 21.00811004638672 ; 42.88129806518555
2022-09-02 06:09:23.679901 ; 20.93067169189453 ; 42.83008575439453
2022-09-02 06:14:23.810692 ; 21.06456756591797 ; 42.69723892211914
2022-09-02 06:19:23.998591 ; 20.94860076904297 ; 42.85736083984375
2022-09-02 06:24:24.180446 ; 20.936965942382812 ; 42.8370475769043
2022-09-02 06:29:24.368499 ; 20.79334259033203 ; 42.96894073486328
2022-09-02 06:34:24.556632 ; 20.744895935058594 ; 42.92469024658203
2022-09-02 06:39:24.744661 ; 20.569419860839844 ; 43.40200424194336
2022-09-02 06:44:24.932702 ; 20.57647705078125 ; 43.381595611572266
2022-09-02 06:49:25.126818 ; 20.647048950195312 ; 43.142127990722656
2022-09-02 06:54:25.314843 ; 20.8770751953125 ; 42.67282485961914
2022-09-02 06:59:25.502837 ; 20.71704864501953 ; 42.9901123046875
2022-09-02 07:04:25.690898 ; 20.939254760742188 ; 42.60892868041992
2022-09-02 07:09:25.878857 ; 20.88031768798828 ; 42.51852035522461
2022-09-02 07:14:26.066864 ; 20.96118927001953 ; 42.47093200683594
2022-09-02 07:19:26.254805 ; 20.910072326660156 ; 42.58880615234375
2022-09-02 07:24:26.442735 ; 20.818138122558594 ; 42.62514114379883
2022-09-02 07:29:26.630618 ; 20.582962036132812 ; 42.94862747192383
2022-09-02 07:34:26.770673 ; 20.728111267089844 ; 42.57316589355469
2022-09-02 07:39:26.962532 ; 20.55988311767578 ; 42.86651611328125
2022-09-02 07:44:27.151536 ; 20.35808563232422 ; 43.42536926269531
2022-09-02 07:49:27.297410 ; 20.596694946289062 ; 42.864322662353516
2022-09-02 07:54:27.490643 ; 20.414352416992188 ; 42.97523498535156
2022-09-02 07:59:27.697856 ; 20.53852081298828 ; 42.61674880981445
2022-09-02 08:04:27.810645 ; 20.409774780273438 ; 42.85421371459961
2022-09-02 08:09:27.980631 ; 20.484542846679688 ; 42.66557693481445
2022-09-02 08:14:28.167800 ; 20.543861389160156 ; 42.632484436035156
2022-09-02 08:19:28.345754 ; 20.343780517578125 ; 43.14680099487305
2022-09-02 08:24:28.490663 ; 20.51372528076172 ; 43.366050720214844
2022-09-02 08:29:28.678607 ; 20.687294006347656 ; 42.62886047363281
2022-09-02 08:34:28.850671 ; 20.779037475585938 ; 42.420005798339844
2022-09-02 08:39:28.994032 ; 20.880699157714844 ; 42.26655960083008
2022-09-02 08:44:29.181994 ; 20.9197998046875 ; 42.347049713134766
2022-09-02 08:49:29.346616 ; 20.973968505859375 ; 42.6386833190918
2022-09-02 08:54:29.490700 ; 21.004104614257812 ; 42.787933349609375
2022-09-02 08:59:29.583425 ; 21.050071716308594 ; 42.549896240234375
2022-09-02 09:04:29.740656 ; 21.08612060546875 ; 42.59376525878906
2022-09-02 09:09:29.928543 ; 21.03710174560547 ; 42.85888671875
2022-09-02 09:14:30.090671 ; 21.073341369628906 ; 44.00787353515625
2022-09-02 09:19:30.210671 ; 21.23088836669922 ; 44.1741943359375
2022-09-02 09:24:30.398563 ; 21.311187744140625 ; 44.068241119384766
2022-09-02 09:29:30.490687 ; 21.433258056640625 ; 43.94969940185547
2022-09-02 09:34:30.677491 ; 21.48113250732422 ; 43.73493194580078
2022-09-02 09:39:30.850661 ; 21.61388397216797 ; 44.513702392578125
2022-09-02 09:44:30.990661 ; 21.683883666992188 ; 43.85833740234375
2022-09-02 09:49:31.080665 ; 21.70543670654297 ; 44.10858154296875
2022-09-02 09:54:31.240662 ; 21.834564208984375 ; 44.4676399230957
2022-09-02 09:59:31.428549 ; 21.900367736816406 ; 43.87998580932617
2022-09-02 10:04:31.616553 ; 21.886253356933594 ; 43.34993362426758
2022-09-02 10:09:31.720664 ; 21.8719482421875 ; 43.280982971191406
2022-09-02 10:14:31.887141 ; 21.857643127441406 ; 43.38884353637695
2022-09-02 10:19:31.980728 ; 21.807861328125 ; 43.62068176269531
2022-09-02 10:24:32.162618 ; 21.832275390625 ; 44.683837890625
2022-09-02 10:29:32.309264 ; 21.9940185546875 ; 44.083404541015625
2022-09-02 10:34:32.490616 ; 21.97113037109375 ; 43.88837814331055
2022-09-02 10:39:32.687498 ; 21.980667114257812 ; 44.30885314941406
2022-09-02 10:44:32.870683 ; 22.072982788085938 ; 45.542144775390625
2022-09-02 10:49:33.058563 ; 22.14813232421875 ; 45.12825012207031
2022-09-02 10:54:33.246451 ; 22.159385681152344 ; 45.22256851196289
2022-09-02 10:59:33.425298 ; 22.193527221679688 ; 44.69318389892578
2022-09-02 11:04:33.613278 ; 22.324562072753906 ; 45.404052734375
2022-09-02 11:09:33.801164 ; 22.38025665283203 ; 45.25613784790039
2022-09-02 11:14:33.989031 ; 22.468948364257812 ; 45.308780670166016
2022-09-02 11:19:34.176901 ; 22.50957489013672 ; 45.30830383300781
2022-09-02 11:24:34.346304 ; 22.574996948242188 ; 45.27397155761719
2022-09-02 11:29:34.534918 ; 22.6104736328125 ; 45.37830352783203
2022-09-02 11:34:34.722946 ; 22.623825073242188 ; 45.39337158203125
2022-09-02 11:39:34.899649 ; 22.664451599121094 ; 45.328521728515625
2022-09-02 11:44:35.087813 ; 22.696304321289062 ; 45.40205001831055
2022-09-02 11:49:35.275803 ; 22.692298889160156 ; 45.43437957763672
2022-09-02 11:54:35.463723 ; 22.721099853515625 ; 45.435333251953125
2022-09-02 11:59:35.651596 ; 22.776031494140625 ; 45.45469284057617
2022-09-02 12:04:35.839497 ; 22.75867462158203 ; 45.23153305053711
2022-09-02 12:09:36.027407 ; 22.803688049316406 ; 45.446014404296875
2022-09-02 12:14:36.215452 ; 22.8179931640625 ; 45.40443420410156
2022-09-02 12:19:36.403310 ; 22.86243438720703 ; 45.56407928466797
2022-09-02 12:24:36.591297 ; 22.869873046875 ; 45.34120559692383
2022-09-02 12:29:36.770663 ; 22.883224487304688 ; 45.4951286315918
2022-09-02 12:34:36.898482 ; 22.928428649902344 ; 45.48530578613281
2022-09-02 12:39:37.088961 ; 22.9248046875 ; 45.25880813598633
2022-09-02 12:44:37.190613 ; 22.91717529296875 ; 45.722293853759766
2022-09-02 12:49:37.243698 ; 22.946548461914062 ; 45.534515380859375
2022-09-02 12:54:37.430708 ; 22.945213317871094 ; 45.24679183959961
2022-09-02 12:59:37.618443 ; 22.916412353515625 ; 45.45936584472656
2022-09-02 13:04:37.805170 ; 22.950172424316406 ; 45.359230041503906
2022-09-02 13:09:37.992543 ; 22.899818420410156 ; 45.30067443847656
2022-09-02 13:14:38.180007 ; 22.911834716796875 ; 45.211219787597656
2022-09-02 13:19:38.367899 ; 22.936630249023438 ; 45.64943313598633
2022-09-02 13:24:38.555868 ; 22.961807250976562 ; 45.491886138916016
2022-09-02 13:29:38.743825 ; 22.943687438964844 ; 45.5836296081543
2022-09-02 13:34:38.934627 ; 22.934913635253906 ; 45.70350646972656
2022-09-02 13:39:39.122488 ; 22.93376922607422 ; 45.27587890625
2022-09-02 13:44:39.310362 ; 22.932052612304688 ; 45.29142379760742
2022-09-02 13:49:39.472019 ; 22.86243438720703 ; 44.078731536865234
2022-09-02 13:54:39.594756 ; 22.862815856933594 ; 44.46277618408203
2022-09-02 13:59:39.782698 ; 22.906112670898438 ; 44.8063850402832
2022-09-02 14:04:39.955863 ; 22.93262481689453 ; 44.678592681884766
2022-09-02 14:09:40.143797 ; 22.957229614257812 ; 45.08209228515625
2022-09-02 14:14:40.331662 ; 22.968101501464844 ; 45.01075744628906
2022-09-02 14:19:40.519764 ; 22.963523864746094 ; 45.009613037109375
2022-09-02 14:24:40.677514 ; 22.988319396972656 ; 44.77357864379883
2022-09-02 14:29:40.865485 ; 23.01158905029297 ; 44.600868225097656
2022-09-02 14:34:41.053728 ; 23.00262451171875 ; 44.97947692871094
2022-09-02 14:39:41.241548 ; 23.001670837402344 ; 44.49310302734375
2022-09-02 14:44:41.361412 ; 22.966384887695312 ; 43.27526092529297
2022-09-02 14:49:41.549314 ; 22.949790954589844 ; 43.479347229003906
2022-09-02 14:54:41.737272 ; 22.951507568359375 ; 43.76106262207031
2022-09-02 14:59:41.894575 ; 22.991561889648438 ; 44.85015869140625
2022-09-02 15:04:42.000718 ; 23.040390014648438 ; 45.03154754638672
2022-09-02 15:09:42.189169 ; 23.019981384277344 ; 45.17183303833008
2022-09-02 15:14:42.237413 ; 23.056983947753906 ; 45.21312713623047
2022-09-02 15:19:42.380687 ; 23.174667358398438 ; 45.32060623168945
2022-09-02 15:24:42.576520 ; 23.10943603515625 ; 45.30220031738281
2022-09-02 15:29:42.740649 ; 23.077964782714844 ; 44.028568267822266
2022-09-02 15:34:42.927708 ; 23.088836669921875 ; 44.582557678222656
2022-09-02 15:39:43.114871 ; 23.10352325439453 ; 44.54050064086914
2022-09-02 15:44:43.240654 ; 23.081588745117188 ; 43.41087341308594
2022-09-02 15:49:43.404165 ; 23.099899291992188 ; 43.0628776550293
2022-09-02 15:54:43.570663 ; 23.102951049804688 ; 43.50910186767578
2022-09-02 15:59:43.740643 ; 23.073196411132812 ; 43.22843551635742
2022-09-02 16:04:43.928547 ; 23.09589385986328 ; 43.419742584228516
2022-09-02 16:09:44.116541 ; 23.1048583984375 ; 43.92271041870117
2022-09-02 16:14:44.277079 ; 23.148536682128906 ; 44.233131408691406
2022-09-02 16:19:44.465530 ; 23.16875457763672 ; 43.680763244628906
2022-09-02 16:24:44.560659 ; 23.16875457763672 ; 43.944644927978516
2022-09-02 16:29:44.740661 ; 23.1719970703125 ; 43.3506965637207
2022-09-02 16:34:44.928695 ; 23.180389404296875 ; 43.616294860839844
2022-09-02 16:39:45.116693 ; 23.180389404296875 ; 43.88437271118164
2022-09-02 16:44:45.240651 ; 23.16570281982422 ; 43.010616302490234
2022-09-02 16:49:45.415391 ; 23.211097717285156 ; 43.265533447265625
2022-09-02 16:54:45.603506 ; 23.237228393554688 ; 43.29814910888672
2022-09-02 16:59:45.740659 ; 23.237991333007812 ; 43.05763244628906
2022-09-02 17:04:45.850667 ; 23.26221466064453 ; 43.072509765625
2022-09-02 17:09:45.960664 ; 23.279953002929688 ; 43.09043884277344
2022-09-02 17:14:46.148611 ; 23.255348205566406 ; 43.32456588745117
2022-09-02 17:19:46.240652 ; 23.302268981933594 ; 43.28289031982422
2022-09-02 17:24:46.338407 ; 23.273086547851562 ; 42.435359954833984
2022-09-02 17:29:46.490677 ; 23.26374053955078 ; 42.57688522338867
2022-09-02 17:34:46.678574 ; 23.2757568359375 ; 42.380714416503906
2022-09-02 17:39:46.866446 ; 23.284530639648438 ; 42.43745803833008
2022-09-02 17:44:46.960698 ; 23.28643798828125 ; 42.50059127807617
2022-09-02 17:49:47.140668 ; 23.297119140625 ; 42.66691207885742
2022-09-02 17:54:47.244421 ; 23.357391357421875 ; 42.4830436706543
2022-09-02 17:59:47.430713 ; 23.3551025390625 ; 42.42582321166992
2022-09-02 18:04:47.550617 ; 23.33393096923828 ; 42.568206787109375
2022-09-02 18:09:47.680619 ; 23.319244384765625 ; 42.581844329833984
2022-09-02 18:14:47.867267 ; 23.337173461914062 ; 42.639923095703125
2022-09-02 18:19:47.970662 ; 23.334884643554688 ; 42.806053161621094
2022-09-02 18:24:48.158603 ; 23.34880828857422 ; 42.675209045410156
2022-09-02 18:29:48.290654 ; 23.32763671875 ; 42.33884811401367
2022-09-02 18:34:48.478600 ; 23.36597442626953 ; 42.35105514526367
2022-09-02 18:39:48.660671 ; 23.369979858398438 ; 42.337608337402344
2022-09-02 18:44:48.848589 ; 23.383522033691406 ; 42.604637145996094
2022-09-02 18:49:48.990657 ; 23.37055206298828 ; 41.98589324951172
2022-09-02 18:54:49.114086 ; 23.33221435546875 ; 41.8095588684082
2022-09-02 18:59:49.240651 ; 23.313140869140625 ; 41.63484573364258
2022-09-02 19:04:49.428561 ; 23.291397094726562 ; 41.773223876953125
2022-09-02 19:09:49.551751 ; 23.296165466308594 ; 42.04130172729492
2022-09-02 19:14:49.739839 ; 23.303604125976562 ; 42.05198287963867
2022-09-02 19:19:49.840662 ; 23.31256866455078 ; 42.177391052246094
2022-09-02 19:24:49.990655 ; 23.343276977539062 ; 42.1173095703125
2022-09-02 19:29:50.178578 ; 23.33354949951172 ; 42.16785430908203
2022-09-02 19:34:50.366485 ; 23.329544067382812 ; 42.16938018798828
2022-09-02 19:39:50.490675 ; 23.343276977539062 ; 42.21010208129883
2022-09-02 19:44:50.678628 ; 23.35338592529297 ; 42.220401763916016
2022-09-02 19:49:50.850664 ; 23.337173461914062 ; 42.232513427734375
2022-09-02 19:54:50.990651 ; 23.327255249023438 ; 42.157936096191406
2022-09-02 19:59:51.178590 ; 23.331260681152344 ; 42.170047760009766
2022-09-02 20:04:51.366497 ; 23.30913543701172 ; 42.127418518066406
2022-09-02 20:09:51.490669 ; 23.311233520507812 ; 42.1605110168457
2022-09-02 20:14:51.678569 ; 23.284530639648438 ; 42.154502868652344
2022-09-02 20:19:51.866502 ; 23.252296447753906 ; 42.20161437988281
2022-09-02 20:24:52.056730 ; 23.273658752441406 ; 42.116355895996094
2022-09-02 20:29:52.203975 ; 23.293495178222656 ; 42.16136932373047
2022-09-02 20:34:52.380682 ; 23.350143432617188 ; 42.162418365478516
2022-09-02 20:39:52.480629 ; 23.299789428710938 ; 42.2368049621582
2022-09-02 20:44:52.677414 ; 23.26507568359375 ; 42.255306243896484
2022-09-02 20:49:52.820662 ; 23.25267791748047 ; 42.27266311645508
2022-09-02 20:54:53.008487 ; 23.22559356689453 ; 42.26369857788086
2022-09-02 20:59:53.196423 ; 23.230361938476562 ; 42.285823822021484
2022-09-02 21:04:53.384292 ; 23.198890686035156 ; 42.30241775512695
2022-09-02 21:09:53.572320 ; 23.177719116210938 ; 42.368316650390625
2022-09-02 21:14:53.760232 ; 23.190879821777344 ; 42.4159049987793
2022-09-02 21:19:53.860677 ; 23.180198669433594 ; 42.42725372314453
2022-09-02 21:24:54.048584 ; 23.180389404296875 ; 42.562007904052734
2022-09-02 21:29:54.236508 ; 23.18286895751953 ; 42.89989471435547
2022-09-02 21:34:54.406865 ; 23.15349578857422 ; 43.71213912963867
2022-09-02 21:39:54.590690 ; 23.149490356445312 ; 43.799686431884766
2022-09-02 21:44:54.766965 ; 23.184585571289062 ; 43.505859375
2022-09-02 21:49:54.954945 ; 23.223304748535156 ; 43.776607513427734
2022-09-02 21:54:55.142840 ; 23.229598999023438 ; 43.814659118652344
2022-09-02 21:59:55.330771 ; 23.215866088867188 ; 43.908023834228516
2022-09-02 22:04:55.472450 ; 23.199844360351562 ; 44.031333923339844
2022-09-02 22:09:55.660430 ; 23.165321350097656 ; 43.90859603881836
2022-09-02 22:14:55.854575 ; 23.113632202148438 ; 43.92728805541992
2022-09-02 22:19:55.957006 ; 23.129653930664062 ; 43.921470642089844
2022-09-02 22:24:56.144959 ; 23.107337951660156 ; 43.86615753173828
2022-09-02 22:29:56.256251 ; 23.056983947753906 ; 43.71776580810547
2022-09-02 22:34:56.444201 ; 23.118019104003906 ; 43.492794036865234
2022-09-02 22:39:56.635081 ; 23.109817504882812 ; 43.65129470825195
2022-09-02 22:44:56.820673 ; 23.11229705810547 ; 43.757057189941406
2022-09-02 22:49:57.000714 ; 23.116111755371094 ; 43.796730041503906
2022-09-02 22:54:57.143700 ; 23.15082550048828 ; 43.99299621582031
2022-09-02 22:59:57.289103 ; 23.25592041015625 ; 43.736839294433594
2022-09-02 23:04:57.470614 ; 23.206520080566406 ; 43.64585876464844
2022-09-02 23:09:57.660625 ; 23.171424865722656 ; 43.674564361572266
2022-09-02 23:14:57.857687 ; 23.130035400390625 ; 43.70918273925781
2022-09-02 23:19:58.045479 ; 23.083877563476562 ; 43.696022033691406
2022-09-02 23:24:58.232916 ; 23.099517822265625 ; 43.74818801879883
2022-09-02 23:29:58.361426 ; 23.06346893310547 ; 43.842411041259766
2022-09-02 23:34:58.518043 ; 23.081207275390625 ; 43.70555877685547
2022-09-02 23:39:58.705927 ; 23.11077117919922 ; 43.65835189819336
2022-09-02 23:44:58.861050 ; 23.09417724609375 ; 43.70880126953125
2022-09-02 23:49:59.020662 ; 23.10943603515625 ; 43.90907287597656
2022-09-02 23:54:59.208569 ; 23.137664794921875 ; 43.74122619628906
2022-09-02 23:59:59.335983 ; 23.114776611328125 ; 43.811798095703125
2022-09-03 00:04:59.524426 ; 23.111343383789062 ; 43.564605712890625
2022-09-03 00:09:59.712404 ; 23.118972778320312 ; 43.65530014038086
2022-09-03 00:14:59.900303 ; 23.132896423339844 ; 43.63117218017578
2022-09-03 00:20:00.030666 ; 23.11267852783203 ; 43.54515075683594
2022-09-03 00:25:00.218619 ; 23.09741973876953 ; 43.54896545410156
2022-09-03 00:30:00.406500 ; 23.094940185546875 ; 43.52846145629883
2022-09-03 00:35:00.520669 ; 23.09551239013672 ; 43.78204345703125
2022-09-03 00:40:00.707412 ; 23.101234436035156 ; 43.842411041259766
2022-09-03 00:45:00.895447 ; 23.08216094970703 ; 43.77918243408203
2022-09-03 00:50:00.990673 ; 23.06041717529297 ; 43.56193542480469
2022-09-03 00:55:01.178507 ; 23.061752319335938 ; 43.63279342651367
2022-09-03 01:00:01.366391 ; 23.08788299560547 ; 43.74246597290039
2022-09-03 01:05:01.554244 ; 23.094940185546875 ; 43.92433166503906
2022-09-03 01:10:01.730655 ; 22.99022674560547 ; 43.74256134033203
2022-09-03 01:15:01.910721 ; 23.04210662841797 ; 43.60780715942383
2022-09-03 01:20:02.090689 ; 23.02703857421875 ; 43.70298385620117
2022-09-03 01:25:02.209952 ; 23.056983947753906 ; 43.88113021850586
2022-09-03 01:30:02.387813 ; 23.12755584716797 ; 43.77479553222656
2022-09-03 01:35:02.540623 ; 23.07415008544922 ; 43.78080368041992
2022-09-03 01:40:02.737433 ; 23.070907592773438 ; 43.917083740234375
2022-09-03 01:45:02.924465 ; 23.034095764160156 ; 43.68743896484375
2022-09-03 01:50:03.111616 ; 23.032760620117188 ; 43.81141662597656
2022-09-03 01:55:03.299535 ; 23.000335693359375 ; 43.711280822753906
2022-09-03 02:00:03.487430 ; 23.002243041992188 ; 43.781375885009766
2022-09-03 02:05:03.675361 ; 22.99652099609375 ; 43.712711334228516
2022-09-03 02:10:03.810678 ; 23.014259338378906 ; 43.91345977783203
2022-09-03 02:15:04.005010 ; 22.997283935546875 ; 43.90373229980469
2022-09-03 02:20:04.192993 ; 22.96123504638672 ; 43.82314682006836
2022-09-03 02:25:04.380685 ; 22.98564910888672 ; 44.042110443115234
2022-09-03 02:30:04.568759 ; 22.954940795898438 ; 43.92690658569336
2022-09-03 02:35:04.756702 ; 22.983169555664062 ; 43.924522399902344
2022-09-03 02:40:04.856017 ; 22.951889038085938 ; 43.668556213378906
2022-09-03 02:45:05.046344 ; 22.936058044433594 ; 43.657588958740234
2022-09-03 02:50:05.234339 ; 22.912025451660156 ; 43.84002685546875
2022-09-03 02:55:05.422295 ; 22.90019989013672 ; 43.846797943115234
2022-09-03 03:00:05.610222 ; 22.87464141845703 ; 43.60761642456055
2022-09-03 03:05:05.798111 ; 22.867584228515625 ; 43.5542106628418
2022-09-03 03:10:05.986072 ; 22.864723205566406 ; 43.5338020324707
2022-09-03 03:15:06.173993 ; 22.85785675048828 ; 43.75438690185547
2022-09-03 03:20:06.361935 ; 22.86815643310547 ; 43.890380859375
2022-09-03 03:25:06.549833 ; 22.88036346435547 ; 43.823814392089844
2022-09-03 03:30:06.738182 ; 22.861099243164062 ; 43.874454498291016
2022-09-03 03:35:06.920731 ; 22.894668579101562 ; 43.907928466796875
2022-09-03 03:40:07.100703 ; 22.852134704589844 ; 43.790435791015625
2022-09-03 03:45:07.288610 ; 22.95989990234375 ; 43.59598159790039
2022-09-03 03:50:07.470611 ; 22.901153564453125 ; 43.78528594970703
2022-09-03 03:55:07.667501 ; 22.817420959472656 ; 43.402099609375
2022-09-03 04:00:07.854572 ; 22.822952270507812 ; 43.86167526245117
2022-09-03 04:05:08.042493 ; 22.823715209960938 ; 43.93787384033203
2022-09-03 04:10:08.230422 ; 22.805023193359375 ; 43.84632110595703
2022-09-03 04:15:08.405390 ; 22.821617126464844 ; 43.741416931152344
2022-09-03 04:20:08.593287 ; 22.796058654785156 ; 43.84136199951172
2022-09-03 04:25:08.770682 ; 22.794342041015625 ; 44.0338134765625
2022-09-03 04:30:08.958653 ; 22.78461456298828 ; 43.95751953125
2022-09-03 04:35:09.146522 ; 22.783851623535156 ; 44.063568115234375
2022-09-03 04:40:09.260662 ; 22.783279418945312 ; 44.158172607421875
2022-09-03 04:45:09.448765 ; 22.785568237304688 ; 44.136619567871094
2022-09-03 04:50:09.636716 ; 22.787094116210938 ; 44.16379928588867
2022-09-03 04:55:09.824835 ; 22.774887084960938 ; 44.21968460083008
2022-09-03 05:00:09.995628 ; 22.756576538085938 ; 44.1035270690918
2022-09-03 05:05:10.183547 ; 22.73998260498047 ; 43.82181167602539
2022-09-03 05:10:10.371401 ; 22.702598571777344 ; 43.86911392211914
2022-09-03 05:15:10.559324 ; 22.733688354492188 ; 44.130611419677734
2022-09-03 05:20:10.690675 ; 22.673416137695312 ; 43.85337829589844
2022-09-03 05:25:10.878591 ; 22.646331787109375 ; 43.696022033691406
2022-09-03 05:30:11.066518 ; 22.648239135742188 ; 43.81294250488281
2022-09-03 05:35:11.254482 ; 22.675132751464844 ; 44.00148391723633
2022-09-03 05:40:11.442371 ; 22.635459899902344 ; 44.04315948486328
2022-09-03 05:45:11.630234 ; 22.66864776611328 ; 44.130897521972656
2022-09-03 05:50:11.818200 ; 22.651290893554688 ; 44.12851333618164
2022-09-03 05:55:12.012846 ; 22.63622283935547 ; 44.196414947509766
2022-09-03 06:00:12.201369 ; 22.626686096191406 ; 44.19517517089844
2022-09-03 06:05:12.316355 ; 22.735977172851562 ; 44.16942596435547
2022-09-03 06:10:12.467570 ; 22.6806640625 ; 44.145774841308594
2022-09-03 06:15:12.664400 ; 22.64080047607422 ; 44.305419921875
2022-09-03 06:20:12.851394 ; 22.62744903564453 ; 44.280147552490234
2022-09-03 06:25:13.038735 ; 22.580337524414062 ; 43.96963119506836
2022-09-03 06:30:13.226714 ; 22.54791259765625 ; 44.0485954284668
2022-09-03 06:35:13.414589 ; 22.562217712402344 ; 44.17095184326172
2022-09-03 06:40:13.602614 ; 22.605323791503906 ; 44.159507751464844
2022-09-03 06:45:13.790490 ; 22.611236572265625 ; 44.143104553222656
2022-09-03 06:50:13.890704 ; 22.584915161132812 ; 44.17524337768555
2022-09-03 06:55:14.078635 ; 22.479820251464844 ; 43.958091735839844
2022-09-03 07:00:14.266509 ; 22.47943878173828 ; 43.895816802978516
2022-09-03 07:05:14.409496 ; 22.453880310058594 ; 43.90840530395508
2022-09-03 07:10:14.597575 ; 22.49736785888672 ; 44.129180908203125
2022-09-03 07:15:14.785530 ; 22.49603271484375 ; 44.1253662109375
2022-09-03 07:20:14.912671 ; 22.516822814941406 ; 44.0892219543457
2022-09-03 07:25:15.100716 ; 22.527122497558594 ; 44.06938552856445
2022-09-03 07:30:15.288613 ; 22.52960205078125 ; 44.06633377075195
2022-09-03 07:35:15.476524 ; 22.53875732421875 ; 44.12088394165039
2022-09-03 07:40:15.664687 ; 22.47772216796875 ; 43.97697448730469
2022-09-03 07:45:15.852643 ; 22.39551544189453 ; 43.83220672607422
2022-09-03 07:50:16.040511 ; 22.408676147460938 ; 43.91489028930664
2022-09-03 07:55:16.228541 ; 22.4212646484375 ; 44.13595199584961
2022-09-03 08:00:16.416442 ; 22.45922088623047 ; 44.13423538208008
2022-09-03 08:05:16.604378 ; 22.41954803466797 ; 44.04802322387695
2022-09-03 08:10:16.792311 ; 22.404861450195312 ; 44.01845932006836
2022-09-03 08:15:16.980245 ; 22.435569763183594 ; 44.04878616333008
2022-09-03 08:20:17.160842 ; 22.390365600585938 ; 44.29168701171875
2022-09-03 08:25:17.250627 ; 22.426414489746094 ; 43.93587112426758
2022-09-03 08:30:17.439813 ; 22.531509399414062 ; 43.940067291259766
2022-09-03 08:35:17.637383 ; 22.430801391601562 ; 43.83401870727539
2022-09-03 08:40:17.746841 ; 22.310447692871094 ; 43.903446197509766
2022-09-03 08:45:17.934199 ; 22.293853759765625 ; 44.150447845458984
2022-09-03 08:50:18.122000 ; 22.307777404785156 ; 44.251251220703125
2022-09-03 08:55:18.309770 ; 22.278976440429688 ; 44.229984283447266
2022-09-03 09:00:18.497727 ; 22.23834991455078 ; 44.34471130371094
2022-09-03 09:05:18.685591 ; 22.31311798095703 ; 44.324588775634766
2022-09-03 09:10:18.873609 ; 22.303009033203125 ; 44.310665130615234
2022-09-03 09:15:19.061495 ; 22.318649291992188 ; 44.385623931884766
2022-09-03 09:20:19.249371 ; 22.280311584472656 ; 44.45056915283203
2022-09-03 09:25:19.437353 ; 22.272300720214844 ; 44.594478607177734
2022-09-03 09:30:19.625213 ; 22.258377075195312 ; 44.634246826171875
2022-09-03 09:35:19.813087 ; 22.29175567626953 ; 44.585514068603516
2022-09-03 09:40:20.001051 ; 22.301101684570312 ; 44.596290588378906
2022-09-03 09:45:20.189008 ; 22.284889221191406 ; 44.61832046508789
2022-09-03 09:50:20.376887 ; 22.31903076171875 ; 44.6101188659668
2022-09-03 09:55:20.565030 ; 22.301483154296875 ; 44.63462829589844
2022-09-03 10:00:20.753023 ; 22.31464385986328 ; 44.6599006652832
2022-09-03 10:05:20.933614 ; 22.27306365966797 ; 44.63033676147461
2022-09-03 10:10:21.121567 ; 22.29290008544922 ; 44.72055435180664
2022-09-03 10:15:21.250715 ; 22.285842895507812 ; 44.669246673583984
2022-09-03 10:20:21.438731 ; 22.29442596435547 ; 44.81229782104492
2022-09-03 10:25:21.626737 ; 22.330856323242188 ; 44.814109802246094
2022-09-03 10:30:21.814577 ; 22.307777404785156 ; 44.83499526977539
2022-09-03 10:35:21.920749 ; 22.324180603027344 ; 45.02553939819336
2022-09-03 10:40:22.020704 ; 22.30072021484375 ; 44.97251510620117
2022-09-03 10:45:22.207071 ; 22.296524047851562 ; 44.890594482421875
2022-09-03 10:50:22.288763 ; 22.369003295898438 ; 44.91415023803711
2022-09-03 10:55:22.440665 ; 22.39208221435547 ; 45.25899887084961
2022-09-03 11:00:22.628352 ; 22.394752502441406 ; 45.180511474609375
2022-09-03 11:05:22.825363 ; 22.404861450195312 ; 44.99683380126953
2022-09-03 11:10:23.012993 ; 22.344589233398438 ; 45.020484924316406
2022-09-03 11:15:23.150658 ; 22.381210327148438 ; 45.49264907836914
2022-09-03 11:20:23.338494 ; 22.47772216796875 ; 46.106529235839844
2022-09-03 11:25:23.526490 ; 22.588348388671875 ; 45.720672607421875
2022-09-03 11:30:23.714446 ; 22.580718994140625 ; 45.398807525634766
2022-09-03 11:35:23.810672 ; 22.68238067626953 ; 45.65916061401367
2022-09-03 11:40:24.005424 ; 22.699928283691406 ; 45.10660171508789
2022-09-03 11:45:24.193390 ; 22.70488739013672 ; 45.012760162353516
2022-09-03 11:50:24.381267 ; 22.626686096191406 ; 44.525146484375
2022-09-03 11:55:24.569184 ; 22.628402709960938 ; 45.324134826660156
2022-09-03 12:00:24.757223 ; 22.698211669921875 ; 45.15676498413086
2022-09-03 12:05:24.945140 ; 22.741127014160156 ; 45.09315490722656
2022-09-03 12:10:25.090461 ; 22.779273986816406 ; 45.052528381347656
2022-09-03 12:15:25.210678 ; 22.75867462158203 ; 44.80733871459961
2022-09-03 12:20:25.398672 ; 22.777557373046875 ; 44.887542724609375
2022-09-03 12:25:25.587019 ; 22.745513916015625 ; 44.8944091796875
2022-09-03 12:30:25.774878 ; 22.7783203125 ; 44.7962760925293
2022-09-03 12:35:25.962814 ; 22.76458740234375 ; 44.62318420410156
2022-09-03 12:40:26.150963 ; 22.782516479492188 ; 44.428157806396484
2022-09-03 12:45:26.338861 ; 22.793006896972656 ; 44.36378479003906
2022-09-03 12:50:26.526791 ; 22.759628295898438 ; 44.010353088378906
2022-09-03 12:55:26.714649 ; 22.74799346923828 ; 43.71509552001953
2022-09-03 13:00:26.887142 ; 22.718429565429688 ; 43.727779388427734
2022-09-03 13:05:27.077856 ; 22.702980041503906 ; 43.5816764831543
2022-09-03 13:10:27.266257 ; 22.779273986816406 ; 43.68906021118164
2022-09-03 13:15:27.450763 ; 22.759628295898438 ; 43.660640716552734
2022-09-03 13:20:27.648193 ; 22.719764709472656 ; 43.482208251953125
2022-09-03 13:25:27.834971 ; 22.72186279296875 ; 43.55335235595703
2022-09-03 13:30:27.990635 ; 22.701263427734375 ; 43.44282150268555
2022-09-03 13:35:28.178370 ; 22.698974609375 ; 43.486785888671875
2022-09-03 13:40:28.358638 ; 22.721481323242188 ; 43.37911605834961
2022-09-03 13:45:28.490662 ; 22.686767578125 ; 43.21260452270508
2022-09-03 13:50:28.626154 ; 22.699356079101562 ; 43.22929382324219
2022-09-03 13:55:28.740657 ; 22.69573211669922 ; 42.90599822998047
2022-09-03 14:00:28.928573 ; 22.64404296875 ; 42.71860122680664
2022-09-03 14:05:29.050657 ; 22.67913818359375 ; 42.60292053222656
2022-09-03 14:10:29.238606 ; 22.713851928710938 ; 42.3649787902832
2022-09-03 14:15:29.330658 ; 22.743797302246094 ; 42.543792724609375
2022-09-03 14:20:29.490691 ; 22.754669189453125 ; 42.70496368408203
2022-09-03 14:25:29.650668 ; 22.763633728027344 ; 42.68913269042969
2022-09-03 14:30:29.740669 ; 22.782516479492188 ; 42.5135612487793
2022-09-03 14:35:29.928644 ; 22.7813720703125 ; 42.6112174987793
2022-09-03 14:40:30.116576 ; 22.778701782226562 ; 42.668819427490234
2022-09-03 14:45:30.240661 ; 22.762298583984375 ; 42.61312484741211
2022-09-03 14:50:30.428571 ; 22.78900146484375 ; 42.46540069580078
2022-09-03 14:55:30.616525 ; 22.756576538085938 ; 42.482757568359375
2022-09-03 15:00:30.740668 ; 22.789764404296875 ; 42.3497200012207
2022-09-03 15:05:30.884369 ; 22.762298583984375 ; 42.192649841308594
2022-09-03 15:10:30.990666 ; 22.76458740234375 ; 41.917991638183594
2022-09-03 15:15:31.178553 ; 22.800636291503906 ; 41.83940887451172
2022-09-03 15:20:31.366466 ; 22.76744842529297 ; 42.0598030090332
2022-09-03 15:25:31.490668 ; 22.781944274902344 ; 42.107486724853516
2022-09-03 15:30:31.678570 ; 22.797012329101562 ; 41.96624755859375
2022-09-03 15:35:31.866417 ; 22.808837890625 ; 41.01705551147461
2022-09-03 15:40:32.050733 ; 22.746849060058594 ; 41.43533706665039
2022-09-03 15:45:32.194694 ; 22.7752685546875 ; 41.30086898803711
2022-09-03 15:50:32.340683 ; 22.878074645996094 ; 41.25232696533203
2022-09-03 15:55:32.530868 ; 22.837448120117188 ; 41.098785400390625
2022-09-03 16:00:32.727687 ; 22.838783264160156 ; 40.9489631652832
2022-09-03 16:05:32.914761 ; 22.822952270507812 ; 40.91196060180664
2022-09-03 16:10:33.102047 ; 22.83306121826172 ; 40.813541412353516
2022-09-03 16:15:33.289987 ; 22.841644287109375 ; 40.97309112548828
2022-09-03 16:20:33.477945 ; 22.860145568847656 ; 40.811729431152344
2022-09-03 16:25:33.570677 ; 22.863388061523438 ; 41.001319885253906
2022-09-03 16:30:33.758597 ; 22.832870483398438 ; 40.195369720458984
2022-09-03 16:35:33.946482 ; 22.792434692382812 ; 40.01264572143555
2022-09-03 16:40:34.134487 ; 22.813987731933594 ; 40.46773910522461
2022-09-03 16:45:34.322427 ; 22.79529571533203 ; 40.351295471191406
2022-09-03 16:50:34.510925 ; 22.83039093017578 ; 40.08293151855469
2022-09-03 16:55:34.698877 ; 22.826194763183594 ; 39.92958068847656
2022-09-03 17:00:34.886931 ; 22.845458984375 ; 40.53497314453125
2022-09-03 17:05:35.074829 ; 22.865867614746094 ; 40.40346145629883
2022-09-03 17:10:35.262661 ; 22.88951873779297 ; 40.51713943481445
2022-09-03 17:15:35.450678 ; 22.87273406982422 ; 40.20051956176758
2022-09-03 17:20:35.638571 ; 22.888565063476562 ; 40.53077697753906
2022-09-03 17:25:35.826528 ; 22.915077209472656 ; 40.50445556640625
2022-09-03 17:30:36.018768 ; 22.933006286621094 ; 40.628623962402344
2022-09-03 17:35:36.206660 ; 22.92613983154297 ; 40.21472930908203
2022-09-03 17:40:36.394647 ; 22.939300537109375 ; 40.54975509643555
2022-09-03 17:45:36.582688 ; 22.94445037841797 ; 40.66896438598633
2022-09-03 17:50:36.770645 ; 22.949790954589844 ; 40.238094329833984
2022-09-03 17:55:36.950742 ; 22.944068908691406 ; 40.563297271728516
2022-09-03 18:00:37.125368 ; 22.971534729003906 ; 40.4902458190918
2022-09-03 18:05:37.258743 ; 23.051834106445312 ; 40.543556213378906
2022-09-03 18:10:37.440642 ; 23.050498962402344 ; 40.334510803222656
2022-09-03 18:15:37.570634 ; 23.03142547607422 ; 40.021419525146484
2022-09-03 18:20:37.767472 ; 23.00872802734375 ; 39.96257781982422
2022-09-03 18:25:37.954782 ; 23.020553588867188 ; 39.9449348449707
2022-09-03 18:30:38.142652 ; 23.012924194335938 ; 39.812278747558594
2022-09-03 18:35:38.272965 ; 23.031997680664062 ; 39.504337310791016
2022-09-03 18:40:38.460973 ; 23.02417755126953 ; 39.62907791137695
2022-09-03 18:45:38.648863 ; 23.03180694580078 ; 39.59827423095703
2022-09-03 18:50:38.836823 ; 23.044776916503906 ; 39.487361907958984
2022-09-03 18:55:39.024891 ; 23.039627075195312 ; 39.104652404785156
2022-09-03 19:00:39.212766 ; 23.037338256835938 ; 38.981056213378906
2022-09-03 19:05:39.400768 ; 23.03466796875 ; 38.91868591308594
2022-09-03 19:10:39.588742 ; 23.056983947753906 ; 38.541316986083984
2022-09-03 19:15:39.776695 ; 23.035621643066406 ; 38.87825012207031
2022-09-03 19:20:39.964674 ; 23.035049438476562 ; 38.826751708984375
2022-09-03 19:25:40.152661 ; 23.01197052001953 ; 38.60044479370117
2022-09-03 19:30:40.340623 ; 23.006820678710938 ; 38.519287109375
2022-09-03 19:35:40.528680 ; 22.994232177734375 ; 38.301944732666016
2022-09-03 19:40:40.716652 ; 23.003578186035156 ; 38.379859924316406
2022-09-03 19:45:40.904696 ; 23.00395965576172 ; 38.286495208740234
2022-09-03 19:50:41.092733 ; 23.006248474121094 ; 38.35115432739258
2022-09-03 19:55:41.280683 ; 22.986602783203125 ; 38.1927490234375
2022-09-03 20:00:41.472965 ; 22.980308532714844 ; 38.01231384277344
2022-09-03 20:05:41.661051 ; 22.991561889648438 ; 38.11359405517578
2022-09-03 20:10:41.810682 ; 22.9949951171875 ; 38.16957473754883
2022-09-03 20:15:41.990718 ; 22.962188720703125 ; 37.773704528808594
2022-09-03 20:20:42.170637 ; 22.928619384765625 ; 37.96710968017578
2022-09-03 20:25:42.244878 ; 23.01197052001953 ; 37.285423278808594
2022-09-03 20:30:42.432954 ; 22.977828979492188 ; 37.53061294555664
2022-09-03 20:35:42.613188 ; 22.95551300048828 ; 37.42179870605469
2022-09-03 20:40:42.740631 ; 22.907066345214844 ; 37.29734420776367
2022-09-03 20:45:42.927762 ; 22.908782958984375 ; 37.369728088378906
2022-09-03 20:50:43.121682 ; 22.91107177734375 ; 37.32166290283203
2022-09-03 20:55:43.309531 ; 22.911453247070312 ; 37.30583190917969
2022-09-03 21:00:43.497469 ; 22.915077209472656 ; 37.41636276245117
2022-09-03 21:05:43.685404 ; 22.896575927734375 ; 37.213134765625
2022-09-03 21:10:43.810671 ; 22.90821075439453 ; 37.436485290527344
2022-09-03 21:15:43.998507 ; 22.894859313964844 ; 37.386131286621094
2022-09-03 21:20:44.186451 ; 22.910118103027344 ; 37.39633560180664
2022-09-03 21:25:44.370714 ; 22.89752960205078 ; 37.850284576416016
2022-09-03 21:30:44.558801 ; 22.92633056640625 ; 37.931251525878906
2022-09-03 21:35:44.746767 ; 22.90821075439453 ; 38.29774856567383
2022-09-03 21:40:44.934682 ; 22.911453247070312 ; 37.848758697509766
2022-09-03 21:45:45.122687 ; 22.891616821289062 ; 38.09223175048828
2022-09-03 21:50:45.236829 ; 22.906875610351562 ; 38.10749053955078
2022-09-03 21:55:45.424741 ; 22.93243408203125 ; 38.57927322387695
2022-09-03 22:00:45.570684 ; 22.919654846191406 ; 38.59243392944336
2022-09-03 22:05:45.659546 ; 22.9522705078125 ; 38.55905532836914
2022-09-03 22:10:45.847517 ; 22.902870178222656 ; 38.295841217041016
2022-09-03 22:15:46.035462 ; 22.918128967285156 ; 38.53607177734375
2022-09-03 22:20:46.223421 ; 22.911834716796875 ; 38.45844268798828
2022-09-03 22:25:46.411304 ; 22.902870178222656 ; 38.58356475830078
2022-09-03 22:30:46.599202 ; 22.910499572753906 ; 38.7298583984375
2022-09-03 22:35:46.740691 ; 22.909164428710938 ; 38.60788345336914
2022-09-03 22:40:46.920745 ; 22.899246215820312 ; 38.5828971862793
2022-09-03 22:45:47.109649 ; 22.90363311767578 ; 38.62810134887695
2022-09-03 22:50:47.257749 ; 22.95551300048828 ; 38.66910934448242
2022-09-03 22:55:47.440693 ; 22.985076904296875 ; 39.16807174682617
2022-09-03 23:00:47.628012 ; 22.948265075683594 ; 38.81072998046875
2022-09-03 23:05:47.824844 ; 22.921371459960938 ; 39.003944396972656
2022-09-03 23:10:48.012657 ; 22.92766571044922 ; 38.913631439208984
2022-09-03 23:15:48.200119 ; 22.936248779296875 ; 39.55955505371094
2022-09-03 23:20:48.353003 ; 22.936058044433594 ; 39.86024856567383
2022-09-03 23:25:48.541100 ; 22.91736602783203 ; 39.69440460205078
2022-09-03 23:30:48.729001 ; 22.92633056640625 ; 39.78776931762695
2022-09-03 23:35:48.870669 ; 22.95360565185547 ; 39.818668365478516
2022-09-03 23:40:48.960663 ; 22.91736602783203 ; 40.02485275268555
2022-09-03 23:45:49.148599 ; 22.8790283203125 ; 39.30816650390625
2022-09-03 23:50:49.336509 ; 22.91088104248047 ; 39.8381233215332
2022-09-03 23:55:49.525068 ; 22.872543334960938 ; 39.52465057373047
2022-09-04 00:00:49.712960 ; 22.797393798828125 ; 38.773250579833984
2022-09-04 00:05:49.900890 ; 22.783279418945312 ; 38.973140716552734
2022-09-04 00:10:50.088764 ; 22.780227661132812 ; 39.09158706665039
2022-09-04 00:15:50.276910 ; 22.772598266601562 ; 39.78862762451172
2022-09-04 00:20:50.464862 ; 22.76287078857422 ; 39.58740234375
2022-09-04 00:25:50.610673 ; 22.794342041015625 ; 39.702606201171875
2022-09-04 00:30:50.798987 ; 22.75524139404297 ; 39.21918869018555
2022-09-04 00:35:50.986886 ; 22.748947143554688 ; 39.800262451171875
2022-09-04 00:40:51.174735 ; 22.72510528564453 ; 39.420127868652344
2022-09-04 00:45:51.310661 ; 22.730064392089844 ; 39.801788330078125
2022-09-04 00:50:51.498500 ; 22.76592254638672 ; 40.16132354736328
2022-09-04 00:55:51.617674 ; 22.767257690429688 ; 40.581321716308594
2022-09-04 01:00:51.720665 ; 22.724151611328125 ; 40.36388397216797
2022-09-04 01:05:51.810672 ; 22.727394104003906 ; 39.86396789550781
2022-09-04 01:10:51.970763 ; 22.6531982421875 ; 40.029239654541016
2022-09-04 01:15:52.159650 ; 22.6287841796875 ; 40.691184997558594
2022-09-04 01:20:52.305450 ; 22.77660369873047 ; 40.34433364868164
2022-09-04 01:25:52.490626 ; 22.702598571777344 ; 40.28606414794922
2022-09-04 01:30:52.687510 ; 22.64995574951172 ; 40.36092758178711
2022-09-04 01:35:52.857003 ; 22.64232635498047 ; 40.555477142333984
2022-09-04 01:40:53.044903 ; 22.5830078125 ; 40.120506286621094
2022-09-04 01:45:53.232767 ; 22.570228576660156 ; 40.2094841003418
2022-09-04 01:50:53.414638 ; 22.58167266845703 ; 40.142154693603516
2022-09-04 01:55:53.602674 ; 22.59235382080078 ; 40.473270416259766
2022-09-04 02:00:53.790619 ; 22.51415252685547 ; 39.61000442504883
2022-09-04 02:05:53.950670 ; 22.472000122070312 ; 40.06032943725586
2022-09-04 02:10:54.138600 ; 22.46551513671875 ; 40.22350311279297
2022-09-04 02:15:54.326472 ; 22.493743896484375 ; 40.216922760009766
2022-09-04 02:20:54.514999 ; 22.388648986816406 ; 39.16587829589844
2022-09-04 02:25:54.702869 ; 22.414207458496094 ; 40.37294387817383
2022-09-04 02:30:54.890818 ; 22.455215454101562 ; 40.42387008666992
2022-09-04 02:35:55.078682 ; 22.482872009277344 ; 40.51933288574219
2022-09-04 02:40:55.266624 ; 22.49603271484375 ; 40.607357025146484
2022-09-04 02:45:55.390672 ; 22.41363525390625 ; 40.331077575683594
2022-09-04 02:50:55.578582 ; 22.43022918701172 ; 40.39764404296875
2022-09-04 02:55:55.763706 ; 22.37567901611328 ; 39.67914581298828
2022-09-04 03:00:55.951713 ; 22.315597534179688 ; 39.669132232666016
2022-09-04 03:05:56.139552 ; 22.301673889160156 ; 40.24381637573242
2022-09-04 03:10:56.269995 ; 22.310447692871094 ; 40.320682525634766
2022-09-04 03:15:56.457943 ; 22.30815887451172 ; 40.43436050415039
2022-09-04 03:20:56.645893 ; 22.324180603027344 ; 40.584659576416016
2022-09-04 03:25:56.770656 ; 22.2747802734375 ; 39.94407653808594
2022-09-04 03:30:56.898521 ; 22.20611572265625 ; 39.85872268676758
2022-09-04 03:35:57.010715 ; 22.23491668701172 ; 40.512943267822266
2022-09-04 03:40:57.145898 ; 22.243690490722656 ; 40.968990325927734
2022-09-04 03:45:57.291237 ; 22.353363037109375 ; 40.70568084716797
2022-09-04 03:50:57.446315 ; 22.330665588378906 ; 40.60792922973633
2022-09-04 03:55:57.633733 ; 22.251319885253906 ; 40.43111801147461
2022-09-04 04:00:57.830540 ; 22.25799560546875 ; 40.432071685791016
2022-09-04 04:05:58.018479 ; 22.22156524658203 ; 40.30733108520508
2022-09-04 04:10:58.206433 ; 22.173309326171875 ; 40.49644470214844
2022-09-04 04:15:58.394342 ; 22.194290161132812 ; 40.56816101074219
2022-09-04 04:20:58.490682 ; 22.21508026123047 ; 40.56816101074219
2022-09-04 04:25:58.678544 ; 22.1893310546875 ; 40.58723449707031
2022-09-04 04:30:58.770682 ; 22.185707092285156 ; 40.60249328613281
2022-09-04 04:35:58.958544 ; 22.145843505859375 ; 40.720558166503906
2022-09-04 04:40:59.146417 ; 22.1405029296875 ; 40.638065338134766
2022-09-04 04:45:59.242467 ; 22.069740295410156 ; 40.32917022705078
2022-09-04 04:50:59.405992 ; 21.99859619140625 ; 39.93082046508789
2022-09-04 04:55:59.594059 ; 22.03235626220703 ; 40.44466018676758
2022-09-04 05:00:59.781935 ; 22.023773193359375 ; 40.50569534301758
2022-09-04 05:05:59.969864 ; 22.056961059570312 ; 40.488433837890625
2022-09-04 05:11:00.157785 ; 22.03521728515625 ; 40.464019775390625
2022-09-04 05:16:00.345761 ; 22.037696838378906 ; 40.494346618652344
2022-09-04 05:21:00.533800 ; 21.95911407470703 ; 40.2440071105957
2022-09-04 05:26:00.721710 ; 21.973037719726562 ; 40.4973030090332
2022-09-04 05:31:00.909633 ; 21.954917907714844 ; 40.52877426147461
2022-09-04 05:36:01.097595 ; 21.934127807617188 ; 40.36293029785156
2022-09-04 05:41:01.285470 ; 21.875381469726562 ; 40.096378326416016
2022-09-04 05:46:01.473407 ; 21.879959106445312 ; 40.21778106689453
2022-09-04 05:51:01.661284 ; 21.89769744873047 ; 40.43426513671875
2022-09-04 05:56:01.810674 ; 21.805572509765625 ; 39.920616149902344
2022-09-04 06:01:01.999117 ; 21.778488159179688 ; 39.7740364074707
2022-09-04 06:06:02.143847 ; 21.841812133789062 ; 40.62395095825195
2022-09-04 06:11:02.205123 ; 21.820831298828125 ; 40.325355529785156
2022-09-04 06:16:02.290951 ; 21.905899047851562 ; 40.1702880859375
2022-09-04 06:21:02.471700 ; 21.854782104492188 ; 40.27547836303711
2022-09-04 06:26:02.668626 ; 21.839523315429688 ; 40.30475616455078
2022-09-04 06:31:02.855658 ; 21.799850463867188 ; 40.328121185302734
2022-09-04 06:36:03.050276 ; 21.7864990234375 ; 40.340518951416016
2022-09-04 06:41:03.238162 ; 21.769142150878906 ; 40.309810638427734
2022-09-04 06:46:03.426027 ; 21.747589111328125 ; 40.35520553588867
2022-09-04 06:51:03.614047 ; 21.722984313964844 ; 40.37361145019531
2022-09-04 06:56:03.801963 ; 21.696853637695312 ; 40.32707214355469
2022-09-04 07:01:03.989834 ; 21.706390380859375 ; 40.36083221435547
2022-09-04 07:06:04.177779 ; 21.663665771484375 ; 40.3468132019043
2022-09-04 07:11:04.365730 ; 21.625328063964844 ; 40.35367965698242
2022-09-04 07:16:04.470657 ; 21.631622314453125 ; 40.329742431640625
2022-09-04 07:21:04.658637 ; 21.618270874023438 ; 40.37351608276367
2022-09-04 07:26:04.846621 ; 21.629905700683594 ; 40.380191802978516
2022-09-04 07:31:05.034663 ; 21.626663208007812 ; 40.34395217895508
2022-09-04 07:36:05.180681 ; 21.610641479492188 ; 40.40822982788086
2022-09-04 07:41:05.368610 ; 21.565818786621094 ; 40.35625457763672
2022-09-04 07:46:05.556617 ; 21.54998779296875 ; 40.398311614990234
2022-09-04 07:51:05.744617 ; 21.536636352539062 ; 40.36855697631836
2022-09-04 07:56:05.932488 ; 21.497154235839844 ; 40.40956497192383
2022-09-04 08:01:06.120403 ; 21.474075317382812 ; 40.48738479614258
2022-09-04 08:06:06.308290 ; 21.487808227539062 ; 40.517616271972656
2022-09-04 08:11:06.496169 ; 21.506500244140625 ; 40.534400939941406
2022-09-04 08:16:06.684055 ; 21.51508331298828 ; 41.05939865112305
2022-09-04 08:21:06.790660 ; 21.58069610595703 ; 41.21417999267578
2022-09-04 08:26:06.887142 ; 21.57306671142578 ; 41.059303283691406
2022-09-04 08:31:07.077185 ; 21.613121032714844 ; 41.13483428955078
2022-09-04 08:36:07.265229 ; 21.72260284423828 ; 40.69108963012695
2022-09-04 08:41:07.450665 ; 21.686553955078125 ; 40.73209762573242
2022-09-04 08:46:07.637894 ; 21.718597412109375 ; 40.97900390625
2022-09-04 08:51:07.740615 ; 21.73900604248047 ; 40.75469970703125
2022-09-04 08:56:07.920675 ; 21.746253967285156 ; 41.000938415527344
2022-09-04 09:01:08.108566 ; 21.76074981689453 ; 41.164588928222656
2022-09-04 09:06:08.296462 ; 21.692466735839844 ; 40.62318801879883
2022-09-04 09:11:08.406158 ; 21.75273895263672 ; 41.02926254272461
2022-09-04 09:16:08.594236 ; 21.807098388671875 ; 40.99893569946289
2022-09-04 09:21:08.770671 ; 21.795082092285156 ; 40.5644416809082
2022-09-04 09:26:08.958506 ; 21.68865203857422 ; 40.415096282958984
2022-09-04 09:31:09.128453 ; 21.676254272460938 ; 40.595245361328125
2022-09-04 09:36:09.316614 ; 21.798324584960938 ; 40.10896682739258
2022-09-04 09:41:09.410669 ; 21.846389770507812 ; 40.50874710083008
2022-09-04 09:46:09.598645 ; 21.92401885986328 ; 40.32325744628906
2022-09-04 09:51:09.786493 ; 21.986770629882812 ; 40.53354263305664
2022-09-04 09:56:09.974581 ; 22.024154663085938 ; 40.541744232177734
2022-09-04 10:01:10.092862 ; 22.109413146972656 ; 40.641021728515625
2022-09-04 10:06:10.260306 ; 22.132301330566406 ; 40.60869216918945
2022-09-04 10:11:10.402893 ; 22.11894989013672 ; 40.28177261352539
2022-09-04 10:16:10.591063 ; 22.06439971923828 ; 40.52848815917969
2022-09-04 10:21:10.778938 ; 22.131919860839844 ; 40.443992614746094
2022-09-04 10:26:10.966871 ; 22.13726043701172 ; 40.424442291259766
2022-09-04 10:31:11.154695 ; 22.127723693847656 ; 40.70930480957031
2022-09-04 10:36:11.342585 ; 22.260093688964844 ; 40.78826904296875
2022-09-04 10:41:11.530416 ; 22.20783233642578 ; 40.637874603271484
2022-09-04 10:46:11.718506 ; 22.209739685058594 ; 40.75345993041992
2022-09-04 10:51:11.887136 ; 22.263717651367188 ; 40.6285285949707
2022-09-04 10:56:11.990753 ; 22.30510711669922 ; 40.52419662475586
2022-09-04 11:01:12.145294 ; 22.267913818359375 ; 40.80018997192383
2022-09-04 11:06:12.200618 ; 22.186660766601562 ; 40.62223434448242
2022-09-04 11:11:12.380780 ; 22.291183471679688 ; 40.55452346801758
2022-09-04 11:16:12.550619 ; 22.304725646972656 ; 40.49091339111328
2022-09-04 11:21:12.740651 ; 22.282791137695312 ; 40.51637649536133
2022-09-04 11:26:12.890623 ; 22.232437133789062 ; 40.53840637207031
2022-09-04 11:31:12.990655 ; 22.247314453125 ; 40.642738342285156
2022-09-04 11:36:13.178616 ; 22.27306365966797 ; 40.566062927246094
2022-09-04 11:41:13.366549 ; 22.188377380371094 ; 40.47737121582031
2022-09-04 11:46:13.532524 ; 22.201156616210938 ; 40.68012237548828
2022-09-04 11:51:13.719943 ; 22.16205596923828 ; 40.76547622680664
2022-09-04 11:56:13.810650 ; 22.194480895996094 ; 40.74831008911133
2022-09-04 12:01:13.990662 ; 22.168350219726562 ; 40.80944061279297
2022-09-04 12:06:14.178624 ; 22.19390869140625 ; 40.990257263183594
2022-09-04 12:11:14.366566 ; 22.252655029296875 ; 40.88335037231445
2022-09-04 12:16:14.490681 ; 22.2686767578125 ; 40.86637496948242
2022-09-04 12:21:14.678567 ; 22.288131713867188 ; 40.81230163574219
2022-09-04 12:26:14.866485 ; 22.209548950195312 ; 40.68470001220703
2022-09-04 12:31:15.023332 ; 22.16815948486328 ; 40.906333923339844
2022-09-04 12:36:15.203094 ; 22.150230407714844 ; 40.67649841308594
2022-09-04 12:41:15.391021 ; 22.197914123535156 ; 42.35200881958008
2022-09-04 12:46:15.490663 ; 22.140884399414062 ; 42.02108383178711
2022-09-04 12:51:15.650650 ; 22.101593017578125 ; 42.026424407958984
2022-09-04 12:56:15.740653 ; 22.18761444091797 ; 42.4412727355957
2022-09-04 13:01:15.835920 ; 22.14527130126953 ; 42.25301742553711
2022-09-04 13:06:15.990669 ; 22.186279296875 ; 42.793941497802734
2022-09-04 13:11:16.178596 ; 22.16777801513672 ; 42.99945831298828
2022-09-04 13:16:16.366591 ; 22.01557159423828 ; 42.2856330871582
2022-09-04 13:21:16.490654 ; 22.14984893798828 ; 42.81415939331055
2022-09-04 13:26:16.678563 ; 22.129249572753906 ; 42.60892868041992
2022-09-04 13:31:16.866490 ; 22.089004516601562 ; 42.22984313964844
2022-09-04 13:36:16.990706 ; 22.106552124023438 ; 42.20438003540039
2022-09-04 13:41:17.170612 ; 22.063636779785156 ; 42.58136749267578
2022-09-04 13:46:17.240624 ; 22.21508026123047 ; 42.42582321166992
2022-09-04 13:51:17.489642 ; 22.121238708496094 ; 42.371273040771484
2022-09-04 13:56:17.680614 ; 22.133636474609375 ; 42.438507080078125
2022-09-04 14:01:17.867692 ; 22.189712524414062 ; 43.15347671508789
2022-09-04 14:06:17.990660 ; 22.175979614257812 ; 42.600059509277344
2022-09-04 14:11:18.178518 ; 22.16053009033203 ; 42.839622497558594
2022-09-04 14:16:18.366389 ; 22.186279296875 ; 42.761993408203125
2022-09-04 14:21:18.490669 ; 22.178268432617188 ; 42.38176345825195
2022-09-04 14:26:18.678568 ; 22.1466064453125 ; 42.27457046508789
2022-09-04 14:31:18.866492 ; 22.103118896484375 ; 41.99075698852539
2022-09-04 14:36:18.990661 ; 22.148513793945312 ; 41.620635986328125
2022-09-04 14:41:19.178580 ; 22.156524658203125 ; 40.944480895996094
2022-09-04 14:46:19.330654 ; 22.19104766845703 ; 42.44384765625
2022-09-04 14:51:19.490687 ; 22.21221923828125 ; 41.8365478515625
2022-09-04 14:56:19.620672 ; 22.19982147216797 ; 41.617488861083984
2022-09-04 15:01:19.760660 ; 22.222328186035156 ; 41.402339935302734
2022-09-04 15:06:19.948592 ; 22.24884033203125 ; 41.67280197143555
2022-09-04 15:11:20.136468 ; 22.22728729248047 ; 41.167545318603516
2022-09-04 15:16:20.240664 ; 22.256088256835938 ; 41.44887924194336
2022-09-04 15:21:20.372252 ; 22.269058227539062 ; 41.203975677490234
2022-09-04 15:26:20.490666 ; 22.260284423828125 ; 40.99893569946289
2022-09-04 15:31:20.670660 ; 22.254371643066406 ; 40.503883361816406
2022-09-04 15:36:20.770678 ; 22.297096252441406 ; 40.62385559082031
2022-09-04 15:41:20.958773 ; 22.283172607421875 ; 40.35911560058594
2022-09-04 15:46:21.090667 ; 22.278976440429688 ; 40.26527404785156
2022-09-04 15:51:21.240650 ; 22.278976440429688 ; 40.270328521728516
2022-09-04 15:56:21.428596 ; 22.303390502929688 ; 40.37895202636719
2022-09-04 16:01:21.611622 ; 22.332191467285156 ; 40.54546356201172
2022-09-04 16:06:21.799437 ; 22.35431671142578 ; 40.227603912353516
2022-09-04 16:11:21.987444 ; 22.400474548339844 ; 40.686702728271484
2022-09-04 16:16:22.176207 ; 22.41497039794922 ; 40.53058624267578
2022-09-04 16:21:22.410669 ; 22.472381591796875 ; 40.37656784057617
2022-09-04 16:26:22.609064 ; 22.454261779785156 ; 39.82839584350586
2022-09-04 16:31:22.805914 ; 22.45330810546875 ; 40.20242691040039
2022-09-04 16:36:22.990666 ; 22.452735900878906 ; 39.63947296142578
2022-09-04 16:41:23.170681 ; 22.457313537597656 ; 39.87293243408203
2022-09-04 16:46:23.320593 ; 22.477149963378906 ; 39.855098724365234
2022-09-04 16:51:23.490671 ; 22.492027282714844 ; 39.78548049926758
2022-09-04 16:56:23.678521 ; 22.49774932861328 ; 39.660072326660156
2022-09-04 17:01:23.866378 ; 22.501373291015625 ; 39.461326599121094
2022-09-04 17:06:23.990679 ; 22.518539428710938 ; 39.47277069091797
2022-09-04 17:11:24.178582 ; 22.539138793945312 ; 39.63356018066406
2022-09-04 17:16:24.366472 ; 22.516632080078125 ; 39.6571159362793
2022-09-04 17:21:24.490678 ; 22.556304931640625 ; 39.75257873535156
2022-09-04 17:26:24.678572 ; 22.595787048339844 ; 39.76478576660156
2022-09-04 17:31:24.860668 ; 22.6104736328125 ; 39.5660400390625
2022-09-04 17:36:24.990657 ; 22.596168518066406 ; 39.89715576171875
2022-09-04 17:41:25.165362 ; 22.59368896484375 ; 39.21918869018555
2022-09-04 17:46:25.353261 ; 22.614097595214844 ; 39.582061767578125
2022-09-04 17:51:25.490669 ; 22.610855102539062 ; 39.408206939697266
2022-09-04 17:56:25.677214 ; 22.602462768554688 ; 39.044857025146484
2022-09-04 18:01:25.865166 ; 22.588729858398438 ; 38.390350341796875
2022-09-04 18:06:25.970675 ; 22.5921630859375 ; 38.49143981933594
2022-09-04 18:11:26.132920 ; 22.603988647460938 ; 38.62409591674805
2022-09-04 18:16:26.240658 ; 22.61180877685547 ; 38.99335861206055
2022-09-04 18:21:26.428599 ; 22.629928588867188 ; 39.157867431640625
2022-09-04 18:26:26.616540 ; 22.63774871826172 ; 38.877105712890625
2022-09-04 18:31:26.740667 ; 22.676658630371094 ; 39.14070129394531
2022-09-04 18:36:26.920740 ; 22.698020935058594 ; 39.5258903503418
2022-09-04 18:41:27.030702 ; 22.70221710205078 ; 39.44988250732422
2022-09-04 18:46:27.170627 ; 22.677993774414062 ; 39.64643478393555
2022-09-04 18:51:27.250994 ; 22.80406951904297 ; 39.397430419921875
2022-09-04 18:56:27.420789 ; 22.791671752929688 ; 39.92786407470703
2022-09-04 19:01:27.608846 ; 22.751617431640625 ; 39.14604187011719
2022-09-04 19:06:27.805816 ; 22.66998291015625 ; 38.60206604003906
2022-09-04 19:11:27.990626 ; 22.660255432128906 ; 38.66119384765625
2022-09-04 19:16:28.177943 ; 22.637176513671875 ; 38.74168395996094
2022-09-04 19:21:28.372138 ; 22.63774871826172 ; 38.82732391357422
2022-09-04 19:26:28.558858 ; 22.603988647460938 ; 38.98324966430664
2022-09-04 19:31:28.740653 ; 22.59674072265625 ; 39.38779830932617
2022-09-04 19:36:28.915413 ; 22.59082794189453 ; 39.6693229675293
2022-09-04 19:41:29.090658 ; 22.602081298828125 ; 39.583396911621094
2022-09-04 19:46:29.240662 ; 22.719764709472656 ; 39.876365661621094
2022-09-04 19:51:29.410687 ; 22.84412384033203 ; 40.00053405761719
2022-09-04 19:56:29.598657 ; 22.951507568359375 ; 40.004730224609375
2022-09-04 20:01:29.740670 ; 23.04096221923828 ; 40.038108825683594
2022-09-04 20:06:29.928597 ; 23.08483123779297 ; 39.983272552490234
