26.70000076,58.09999847,5
26.70000076,58,10
26.70000076,58,15
26.70000076,58,20
26.70000076,58,25
26.70000076,58,30
26.29999924,58,35
26.70000076,57.90000153,40
26.70000076,57.90000153,45
26.70000076,57.90000153,50
26.60000038,57.90000153,55
26.70000076,57.90000153,60
26.39999962,57.90000153,65
26.39999962,57.90000153,70
26.29999924,57.90000153,75
26.29999924,57.90000153,80
26.20000076,57.90000153,85
26.10000038,57.90000153,90
26.79999924,57.79999924,95
26.70000076,57.79999924,100
26.70000076,57.79999924,105
26.70000076,57.79999924,110
26.79999924,57.79999924,115
26.60000038,57.79999924,120
26.70000076,57.79999924,125
26.70000076,57.79999924,130
26.70000076,57.79999924,135
26.70000076,57.79999924,140
26.70000076,57.79999924,145
26.70000076,57.79999924,150
26.79999924,57.79999924,155
26.70000076,57.79999924,160
26.70000076,57.79999924,165
26.70000076,57.79999924,170
26.70000076,57.79999924,175
26.70000076,57.79999924,180
26.70000076,57.79999924,185
26.70000076,57.79999924,190
26.70000076,57.79999924,195
26.70000076,57.79999924,200
26.79999924,57.79999924,205
26.79999924,57.79999924,210
26.79999924,57.79999924,215
26.70000076,57.79999924,220
26.79999924,57.79999924,225
26.29999924,57.79999924,230
26.29999924,57.79999924,235
26.29999924,57.79999924,240
26.29999924,57.79999924,245
26.29999924,57.79999924,250
26.20000076,57.79999924,255
26.20000076,57.79999924,260
26.29999924,57.79999924,265
26.20000076,57.79999924,270
26.20000076,57.79999924,275
26.29999924,57.79999924,280
26.70000076,57.70000076,285
26.70000076,57.70000076,290
26.70000076,57.70000076,295
26.70000076,57.70000076,300
26.70000076,57.70000076,305
26.70000076,57.70000076,310
26.70000076,57.70000076,315
26.70000076,57.70000076,320
26.70000076,57.70000076,325
26.60000038,57.70000076,330
26.70000076,57.70000076,335
26.70000076,57.70000076,340
26.60000038,57.70000076,345
26.70000076,57.70000076,350
26.70000076,57.70000076,355
26.79999924,57.70000076,360
26.79999924,57.70000076,365
26.70000076,57.70000076,370
26.60000038,57.70000076,375
26.70000076,57.70000076,380
26.70000076,57.70000076,385
26.70000076,57.70000076,390
26.70000076,57.70000076,395
26.79999924,57.70000076,400
26.79999924,57.70000076,405
26.79999924,57.70000076,410
26.39999962,57.70000076,415
26.29999924,57.70000076,420
26.29999924,57.70000076,425
26.29999924,57.70000076,430
26.29999924,57.70000076,435
26.29999924,57.70000076,440
26.29999924,57.70000076,445
26.29999924,57.70000076,450
26.29999924,57.70000076,455
26.29999924,57.70000076,460
26.29999924,57.70000076,465
26.29999924,57.70000076,470
26.20000076,57.70000076,475
26.20000076,57.70000076,480
26.20000076,57.70000076,485
26.20000076,57.70000076,490
26.20000076,57.70000076,495
26.20000076,57.70000076,500
26.20000076,57.70000076,505
26.20000076,57.70000076,510
26.10000038,57.70000076,515
26.20000076,57.70000076,520
26.20000076,57.70000076,525
26.20000076,57.70000076,530
26,57.70000076,535
26.10000038,57.70000076,540
26.70000076,57.59999847,545
26.79999924,57.59999847,550
26.79999924,57.59999847,555
26.70000076,57.59999847,560
26.70000076,57.59999847,565
26.79999924,57.59999847,570
26.70000076,57.59999847,575
26.70000076,57.59999847,580
26.70000076,57.59999847,585
26.70000076,57.59999847,590
26.70000076,57.59999847,595
26.70000076,57.59999847,600
26.70000076,57.59999847,605
26.70000076,57.59999847,610
26.79999924,57.59999847,615
26.70000076,57.59999847,620
26.70000076,57.59999847,625
26.79999924,57.59999847,630
26.70000076,57.59999847,635
26.79999924,57.59999847,640
26.79999924,57.59999847,645
26.70000076,57.59999847,650
26.70000076,57.59999847,655
26.70000076,57.59999847,660
26.70000076,57.59999847,665
26.79999924,57.59999847,670
26.70000076,57.59999847,675
26.70000076,57.59999847,680
26.70000076,57.59999847,685
26.70000076,57.59999847,690
26.70000076,57.59999847,695
26.70000076,57.59999847,700
26.79999924,57.59999847,705
26.79999924,57.59999847,710
26.79999924,57.59999847,715
26.79999924,57.59999847,720
26.70000076,57.59999847,725
26.79999924,57.59999847,730
26.79999924,57.59999847,735
26.79999924,57.59999847,740
26.79999924,57.59999847,745
26.29999924,57.59999847,750
26.29999924,57.59999847,755
26.29999924,57.59999847,760
26.29999924,57.59999847,765
26.39999962,57.59999847,770
26.29999924,57.59999847,775
26.29999924,57.59999847,780
26.29999924,57.59999847,785
26.29999924,57.59999847,790
26.20000076,57.59999847,795
26.29999924,57.59999847,800
26.29999924,57.59999847,805
26.29999924,57.59999847,810
26.20000076,57.59999847,815
26.29999924,57.59999847,820
26.20000076,57.59999847,825
26.29999924,57.59999847,830
26.29999924,57.59999847,835
26.29999924,57.59999847,840
26.20000076,57.59999847,845
26.20000076,57.59999847,850
26.20000076,57.59999847,855
26.20000076,57.59999847,860
26.20000076,57.59999847,865
26.10000038,57.59999847,870
26.20000076,57.59999847,875
26.10000038,57.59999847,880
26.10000038,57.59999847,885
26.20000076,57.59999847,890
26.10000038,57.59999847,895
26.10000038,57.59999847,900
26.10000038,57.59999847,905
26.10000038,57.59999847,910
26.10000038,57.59999847,915
26.10000038,57.59999847,920
26.10000038,57.59999847,925
26.10000038,57.59999847,930
26.10000038,57.59999847,935
26.79999924,57.5,940
26.70000076,57.5,945
26.70000076,57.5,950
26.70000076,57.5,955
26.70000076,57.5,960
26.70000076,57.5,965
26.70000076,57.5,970
26.79999924,57.5,975
26.79999924,57.5,980
26.70000076,57.5,985
26.70000076,57.5,990
26.79999924,57.5,995
26.79999924,57.5,1000
26.79999924,57.5,1005
26.79999924,57.5,1010
26.79999924,57.5,1015
26.79999924,57.5,1020
26.79999924,57.5,1025
26.70000076,57.5,1030
26.89999962,57.5,1035
26.79999924,57.5,1040
26.79999924,57.5,1045
26.79999924,57.5,1050
26.79999924,57.5,1055
26.79999924,57.5,1060
26.79999924,57.5,1065
26.79999924,57.5,1070
26.79999924,57.5,1075
26.89999962,57.5,1080
26.89999962,57.5,1085
26.89999962,57.5,1090
26.79999924,57.5,1095
26.79999924,57.5,1100
26.79999924,57.5,1105
26.60000038,57.5,1110
26.29999924,57.5,1115
26.29999924,57.5,1120
26.29999924,57.5,1125
26.29999924,57.5,1130
26.29999924,57.5,1135
26.20000076,57.5,1140
26.29999924,57.5,1145
26.29999924,57.5,1150
26.20000076,57.5,1155
26.29999924,57.5,1160
26.20000076,57.5,1165
26.20000076,57.5,1170
26.29999924,57.5,1175
26.20000076,57.5,1180
26.10000038,57.5,1185
26.20000076,57.5,1190
26.10000038,57.5,1195
26.10000038,57.5,1200
26.20000076,57.5,1205
26.10000038,57.5,1210
26.10000038,57.5,1215
26.10000038,57.5,1220
26.10000038,57.5,1225
26.10000038,57.5,1230
26.10000038,57.5,1235
26.10000038,57.5,1240
26.10000038,57.5,1245
26,57.5,1250
26.70000076,57.40000153,1255
26.60000038,57.40000153,1260
26.79999924,57.40000153,1265
26.70000076,57.40000153,1270
26.70000076,57.40000153,1275
26.79999924,57.40000153,1280
26.79999924,57.40000153,1285
26.70000076,57.40000153,1290
26.70000076,57.40000153,1295
26.79999924,57.40000153,1300
26.79999924,57.40000153,1305
26.79999924,57.40000153,1310
26.70000076,57.40000153,1315
26.79999924,57.40000153,1320
26.79999924,57.40000153,1325
26.79999924,57.40000153,1330
26.79999924,57.40000153,1335
26.79999924,57.40000153,1340
26.89999962,57.40000153,1345
26.79999924,57.40000153,1350
26.79999924,57.40000153,1355
26.79999924,57.40000153,1360
26.79999924,57.40000153,1365
26.79999924,57.40000153,1370
26.79999924,57.40000153,1375
26.89999962,57.40000153,1380
26.79999924,57.40000153,1385
26.89999962,57.40000153,1390
26.89999962,57.40000153,1395
26.79999924,57.40000153,1400
26.89999962,57.40000153,1405
26.89999962,57.40000153,1410
26.89999962,57.40000153,1415
26.89999962,57.40000153,1420
26.79999924,57.40000153,1425
26.79999924,57.40000153,1430
26.79999924,57.40000153,1435
26.79999924,57.40000153,1440
26.70000076,57.40000153,1445
26.29999924,57.40000153,1450
26.29999924,57.40000153,1455
26.29999924,57.40000153,1460
26.29999924,57.40000153,1465
26.20000076,57.40000153,1470
26.20000076,57.40000153,1475
26.20000076,57.40000153,1480
26.20000076,57.40000153,1485
26.20000076,57.40000153,1490
26.20000076,57.40000153,1495
26.20000076,57.40000153,1500
26.20000076,57.40000153,1505
26.20000076,57.40000153,1510
26.10000038,57.40000153,1515
26.20000076,57.40000153,1520
26.10000038,57.40000153,1525
26.10000038,57.40000153,1530
26.20000076,57.40000153,1535
26.10000038,57.40000153,1540
26.10000038,57.40000153,1545
26.20000076,57.40000153,1550
26.20000076,57.40000153,1555
26.10000038,57.40000153,1560
26.10000038,57.40000153,1565
26.10000038,57.40000153,1570
26.10000038,57.40000153,1575
26.10000038,57.40000153,1580
26.10000038,57.40000153,1585
26,57.40000153,1590
26.10000038,57.40000153,1595
26.20000076,57.40000153,1600
26,57.40000153,1605
26.10000038,57.40000153,1610
26.10000038,57.40000153,1615
26,57.40000153,1620
26,57.40000153,1625
26,57.40000153,1630
26,57.40000153,1635
26.79999924,57.29999924,1640
26.70000076,57.29999924,1645
26.70000076,57.29999924,1650
26.79999924,57.29999924,1655
26.79999924,57.29999924,1660
26.70000076,57.29999924,1665
26.79999924,57.29999924,1670
26.79999924,57.29999924,1675
26.70000076,57.29999924,1680
26.79999924,57.29999924,1685
26.79999924,57.29999924,1690
26.79999924,57.29999924,1695
26.79999924,57.29999924,1700
26.79999924,57.29999924,1705
26.89999962,57.29999924,1710
26.79999924,57.29999924,1715
26.89999962,57.29999924,1720
26.79999924,57.29999924,1725
26.89999962,57.29999924,1730
26.89999962,57.29999924,1735
26.79999924,57.29999924,1740
26.89999962,57.29999924,1745
26.89999962,57.29999924,1750
26.79999924,57.29999924,1755
26.89999962,57.29999924,1760
26.79999924,57.29999924,1765
26.89999962,57.29999924,1770
26.79999924,57.29999924,1775
26.79999924,57.29999924,1780
26.70000076,57.29999924,1785
26.70000076,57.29999924,1790
26.79999924,57.29999924,1795
26.79999924,57.29999924,1800
26.70000076,57.29999924,1805
26.79999924,57.29999924,1810
26.70000076,57.29999924,1815
26.60000038,57.29999924,1820
26.70000076,57.29999924,1825
26.70000076,57.29999924,1830
26.60000038,57.29999924,1835
26.60000038,57.29999924,1840
26.39999962,57.29999924,1845
26.39999962,57.29999924,1850
26.29999924,57.29999924,1855
26.20000076,57.29999924,1860
26.10000038,57.29999924,1865
26.10000038,57.29999924,1870
26.20000076,57.29999924,1875
26.20000076,57.29999924,1880
26.10000038,57.29999924,1885
26.10000038,57.29999924,1890
26.10000038,57.29999924,1895
26,57.29999924,1900
26.10000038,57.29999924,1905
26.10000038,57.29999924,1910
26,57.29999924,1915
26.10000038,57.29999924,1920
26.10000038,57.29999924,1925
26.10000038,57.29999924,1930
26.10000038,57.29999924,1935
26,57.29999924,1940
26,57.29999924,1945
26,57.29999924,1950
26.79999924,57.20000076,1955
26.89999962,57.20000076,1960
26.79999924,57.20000076,1965
26.79999924,57.20000076,1970
26.70000076,57.20000076,1975
26.89999962,57.20000076,1980
26.89999962,57.20000076,1985
26.79999924,57.20000076,1990
26.89999962,57.20000076,1995
26.79999924,57.20000076,2000
26.79999924,57.20000076,2005
26.89999962,57.20000076,2010
26.89999962,57.20000076,2015
26.89999962,57.20000076,2020
26.89999962,57.20000076,2025
26.89999962,57.20000076,2030
26.89999962,57.20000076,2035
27,57.20000076,2040
26.79999924,57.20000076,2045
26.89999962,57.20000076,2050
26.79999924,57.20000076,2055
26.79999924,57.20000076,2060
26.79999924,57.20000076,2065
26.79999924,57.20000076,2070
26.79999924,57.20000076,2075
26.70000076,57.20000076,2080
26.70000076,57.20000076,2085
26.79999924,57.20000076,2090
26.70000076,57.20000076,2095
26.70000076,57.20000076,2100
26.70000076,57.20000076,2105
26.70000076,57.20000076,2110
26.70000076,57.20000076,2115
26.60000038,57.20000076,2120
26.70000076,57.20000076,2125
26.5,57.20000076,2130
26.5,57.20000076,2135
26.60000038,57.20000076,2140
26.5,57.20000076,2145
26.60000038,57.20000076,2150
26.60000038,57.20000076,2155
26.5,57.20000076,2160
26.5,57.20000076,2165
26.5,57.20000076,2170
26.5,57.20000076,2175
26.10000038,57.20000076,2180
26.20000076,57.20000076,2185
26.10000038,57.20000076,2190
26,57.20000076,2195
26.10000038,57.20000076,2200
26.10000038,57.20000076,2205
26.10000038,57.20000076,2210
26,57.20000076,2215
26.10000038,57.20000076,2220
26.10000038,57.20000076,2225
26,57.20000076,2230
26,57.20000076,2235
26.10000038,57.20000076,2240
26.10000038,57.20000076,2245
26.89999962,57.09999847,2250
26.79999924,57.09999847,2255
27,57.09999847,2260
26.79999924,57.09999847,2265
26.89999962,57.09999847,2270
26.79999924,57.09999847,2275
26.89999962,57.09999847,2280
26.79999924,57.09999847,2285
26.79999924,57.09999847,2290
26.79999924,57.09999847,2295
26.79999924,57.09999847,2300
26.79999924,57.09999847,2305
26.79999924,57.09999847,2310
26.89999962,57.09999847,2315
26.79999924,57.09999847,2320
26.70000076,57.09999847,2325
26.79999924,57.09999847,2330
26.79999924,57.09999847,2335
26.79999924,57.09999847,2340
26.79999924,57.09999847,2345
26.70000076,57.09999847,2350
26.79999924,57.09999847,2355
26.79999924,57.09999847,2360
26.79999924,57.09999847,2365
26.79999924,57.09999847,2370
26.70000076,57.09999847,2375
26.70000076,57.09999847,2380
26.70000076,57.09999847,2385
26.70000076,57.09999847,2390
26.70000076,57.09999847,2395
26.60000038,57.09999847,2400
26.60000038,57.09999847,2405
26.70000076,57.09999847,2410
26.60000038,57.09999847,2415
26.60000038,57.09999847,2420
26.60000038,57.09999847,2425
26.60000038,57.09999847,2430
26.60000038,57.09999847,2435
26.5,57.09999847,2440
26.60000038,57.09999847,2445
26.5,57.09999847,2450
26.60000038,57.09999847,2455
26.5,57.09999847,2460
26.60000038,57.09999847,2465
26.5,57.09999847,2470
26.5,57.09999847,2475
26.5,57.09999847,2480
26.5,57.09999847,2485
26.5,57.09999847,2490
26.5,57.09999847,2495
26.5,57.09999847,2500
26.5,57.09999847,2505
26.39999962,57.09999847,2510
26.39999962,57.09999847,2515
26.39999962,57.09999847,2520
26.39999962,57.09999847,2525
25.89999962,57.09999847,2530
26,57.09999847,2535
26,57.09999847,2540
26,57.09999847,2545
26.10000038,57.09999847,2550
26.10000038,57.09999847,2555
25.89999962,57.09999847,2560
26,57.09999847,2565
26,57.09999847,2570
26.89999962,57,2575
26.89999962,57,2580
26.89999962,57,2585
26.89999962,57,2590
26.89999962,57,2595
26.79999924,57,2600
26.89999962,57,2605
26.79999924,57,2610
26.79999924,57,2615
26.89999962,57,2620
26.79999924,57,2625
27,57,2630
26.79999924,57,2635
26.79999924,57,2640
26.79999924,57,2645
26.79999924,57,2650
26.70000076,57,2655
26.70000076,57,2660
26.79999924,57,2665
26.70000076,57,2670
26.79999924,57,2675
26.79999924,57,2680
26.70000076,57,2685
26.79999924,57,2690
26.70000076,57,2695
26.79999924,57,2700
26.70000076,57,2705
26.70000076,57,2710
26.70000076,57,2715
26.70000076,57,2720
26.70000076,57,2725
26.70000076,57,2730
26.60000038,57,2735
26.70000076,57,2740
26.60000038,57,2745
26.70000076,57,2750
26.60000038,57,2755
26.60000038,57,2760
26.60000038,57,2765
26.60000038,57,2770
26.5,57,2775
26.5,57,2780
26.60000038,57,2785
26.5,57,2790
26.60000038,57,2795
26.5,57,2800
26.5,57,2805
26.5,57,2810
26.5,57,2815
26.5,57,2820
26.5,57,2825
26.5,57,2830
26.5,57,2835
26.39999962,57,2840
26.5,57,2845
26.5,57,2850
26.5,57,2855
26.5,57,2860
26.39999962,57,2865
26.39999962,57,2870
26.39999962,57,2875
26.39999962,57,2880
26,57,2885
26.10000038,57,2890
26,57,2895
26.10000038,57,2900
26.10000038,57,2905
25.89999962,57,2910
26,57,2915
26,57,2920
26,57,2925
26,57,2930
25.89999962,57,2935
26,57,2940
25.89999962,57,2945
25.89999962,57,2950
26,57,2955
26.89999962,56.90000153,2960
26.79999924,56.90000153,2965
26.89999962,56.90000153,2970
26.79999924,56.90000153,2975
26.89999962,56.90000153,2980
26.79999924,56.90000153,2985
26.79999924,56.90000153,2990
26.79999924,56.90000153,2995
26.79999924,56.90000153,3000
26.79999924,56.90000153,3005
26.79999924,56.90000153,3010
26.70000076,56.90000153,3015
26.70000076,56.90000153,3020
26.70000076,56.90000153,3025
26.60000038,56.90000153,3030
26.60000038,56.90000153,3035
26.5,56.90000153,3040
26.5,56.90000153,3045
26.5,56.90000153,3050
26.39999962,56.90000153,3055
26.5,56.90000153,3060
26.39999962,56.90000153,3065
26.5,56.90000153,3070
26.39999962,56.90000153,3075
26.39999962,56.90000153,3080
26.5,56.90000153,3085
26.39999962,56.90000153,3090
26.39999962,56.90000153,3095
26.39999962,56.90000153,3100
26.39999962,56.90000153,3105
26,56.90000153,3110
26.10000038,56.90000153,3115
26,56.90000153,3120
26,56.90000153,3125
26,56.90000153,3130
26,56.90000153,3135
26,56.90000153,3140
26,56.90000153,3145
26,56.90000153,3150
26,56.90000153,3155
25.89999962,56.90000153,3160
26,56.90000153,3165
25.89999962,56.90000153,3170
25.89999962,56.90000153,3175
25.89999962,56.90000153,3180
25.89999962,56.90000153,3185
26.89999962,56.79999924,3190
26.79999924,56.79999924,3195
26.79999924,56.79999924,3200
26.79999924,56.79999924,3205
26.79999924,56.79999924,3210
26.60000038,56.79999924,3215
26.60000038,56.79999924,3220
26.5,56.79999924,3225
26.39999962,56.79999924,3230
26.39999962,56.79999924,3235
26.39999962,56.79999924,3240
26.39999962,56.79999924,3245
26.39999962,56.79999924,3250
26.39999962,56.79999924,3255
26.39999962,56.79999924,3260
26.39999962,56.79999924,3265
26.39999962,56.79999924,3270
26,56.79999924,3275
26,56.79999924,3280
26,56.79999924,3285
26,56.79999924,3290
26,56.79999924,3295
26,56.79999924,3300
26,56.79999924,3305
26,56.79999924,3310
25.89999962,56.79999924,3315
25.89999962,56.79999924,3320
25.89999962,56.79999924,3325
25.89999962,56.79999924,3330
26,56.79999924,3335
25.89999962,56.79999924,3340
25.89999962,56.79999924,3345
26,56.79999924,3350
25.79999924,56.79999924,3355
26.79999924,56.70000076,3360
26.39999962,56.70000076,3365
26.39999962,56.70000076,3370
26.39999962,56.70000076,3375
26.39999962,56.70000076,3380
26.39999962,56.70000076,3385
26.39999962,56.70000076,3390
26.39999962,56.70000076,3395
26.39999962,56.70000076,3400
26.39999962,56.70000076,3405
26,56.70000076,3410
26,56.70000076,3415
26,56.70000076,3420
26,56.70000076,3425
25.89999962,56.70000076,3430
26,56.70000076,3435
25.89999962,56.70000076,3440
25.89999962,56.70000076,3445
26,56.70000076,3450
25.89999962,56.70000076,3455
26,56.70000076,3460
26,56.70000076,3465
25.89999962,56.70000076,3470
25.89999962,56.70000076,3475
26,56.70000076,3480
26,56.70000076,3485
25.89999962,56.70000076,3490
25.89999962,56.70000076,3495
25.79999924,56.70000076,3500
25.79999924,56.70000076,3505
26.39999962,56.59999847,3510
26,56.59999847,3515
26,56.59999847,3520
25.89999962,56.59999847,3525
26,56.59999847,3530
26,56.59999847,3535
26,56.59999847,3540
25.89999962,56.59999847,3545
25.89999962,56.59999847,3550
26,56.59999847,3555
26,56.59999847,3560
25.89999962,56.59999847,3565
26,56.59999847,3570
25.89999962,56.59999847,3575
25.89999962,56.59999847,3580
25.89999962,56.59999847,3585
25.79999924,56.59999847,3590
25.89999962,56.59999847,3595
25.79999924,56.59999847,3600
25.79999924,56.59999847,3605
25.79999924,56.59999847,3610
25.89999962,56.59999847,3615
25.89999962,56.59999847,3620
25.89999962,56.59999847,3625
25.89999962,56.59999847,3630
25.79999924,56.59999847,3635
25.89999962,56.59999847,3640
25.89999962,56.59999847,3645
25.79999924,56.59999847,3650
26,56.5,3655
26,56.5,3660
25.89999962,56.5,3665
25.89999962,56.5,3670
26,56.5,3675
25.89999962,56.5,3680
25.89999962,56.5,3685
25.89999962,56.5,3690
25.89999962,56.5,3695
25.79999924,56.5,3700
25.89999962,56.5,3705
25.89999962,56.5,3710
25.89999962,56.5,3715
25.89999962,56.5,3720
25.79999924,56.5,3725
25.89999962,56.5,3730
25.89999962,56.5,3735
25.89999962,56.5,3740
25.89999962,56.5,3745
26.39999962,56.40000153,3750
26,56.40000153,3755
26,56.40000153,3760
26,56.40000153,3765
25.89999962,56.40000153,3770
26,56.40000153,3775
25.89999962,56.40000153,3780
25.89999962,56.40000153,3785
25.89999962,56.40000153,3790
25.79999924,56.40000153,3795
25.89999962,56.40000153,3800
25.79999924,56.40000153,3805
25.89999962,56.40000153,3810
25.79999924,56.40000153,3815
25.89999962,56.40000153,3820
25.89999962,56.40000153,3825
25.79999924,56.40000153,3830
25.89999962,56.40000153,3835
25.89999962,56.40000153,3840
25.79999924,56.40000153,3845
25.89999962,56.40000153,3850
25.89999962,56.40000153,3855
25.89999962,56.40000153,3860
25.89999962,56.40000153,3865
25.89999962,56.40000153,3870
25.79999924,56.40000153,3875
25.79999924,56.40000153,3880
26,56.29999924,3885
25.89999962,56.29999924,3890
26,56.29999924,3895
26,56.29999924,3900
25.89999962,56.29999924,3905
25.89999962,56.29999924,3910
25.89999962,56.29999924,3915
25.79999924,56.29999924,3920
25.89999962,56.20000076,3925
25.89999962,56.20000076,3930
25.89999962,56.20000076,3935
25.79999924,56.20000076,3940
25.89999962,56.20000076,3945
25.89999962,56.20000076,3950
25.89999962,56.20000076,3955
25.89999962,56.20000076,3960
25.79999924,56.20000076,3965
25.89999962,56.20000076,3970
25.89999962,56.20000076,3975
25.79999924,56.20000076,3980
25.89999962,56.09999847,3985
25.89999962,56.09999847,3990
25.89999962,56.09999847,3995
25.79999924,56.09999847,4000
25.79999924,56.09999847,4005
25.89999962,56.09999847,4010
25.79999924,56.09999847,4015
25.79999924,56.09999847,4020
25.89999962,56.09999847,4025
25.89999962,56.09999847,4030
25.79999924,56.09999847,4035
25.89999962,56.09999847,4040
25.89999962,56.09999847,4045
25.89999962,56.09999847,4050
25.79999924,56.09999847,4055
25.79999924,56.09999847,4060
25.79999924,56.09999847,4065
25.79999924,56.09999847,4070
25.89999962,56,4075
25.79999924,56,4080
25.89999962,56,4085
25.89999962,56,4090
25.79999924,56,4095
25.89999962,56,4100
25.89999962,56,4105
25.79999924,56,4110
25.89999962,56,4115
25.89999962,56,4120
25.89999962,55.90000153,4125
25.89999962,55.90000153,4130
25.89999962,55.90000153,4135
25.89999962,55.90000153,4140
25.89999962,55.90000153,4145
25.79999924,55.90000153,4150
25.79999924,55.90000153,4155
25.89999962,55.90000153,4160
25.79999924,55.90000153,4165
25.79999924,55.90000153,4170
25.79999924,55.90000153,4175
25.79999924,55.79999924,4180
25.89999962,55.79999924,4185
25.89999962,55.79999924,4190
25.79999924,55.79999924,4195
25.79999924,55.79999924,4200
25.89999962,55.70000076,4205
25.79999924,55.70000076,4210
25.89999962,55.70000076,4215
25.89999962,55.70000076,4220
25.79999924,55.70000076,4225
25.89999962,55.70000076,4230
25.79999924,55.70000076,4235
25.79999924,55.70000076,4240
25.79999924,55.70000076,4245
25.79999924,55.70000076,4250
25.79999924,55.70000076,4255
25.79999924,55.70000076,4260
25.79999924,55.70000076,4265
25.89999962,55.59999847,4270
25.79999924,55.59999847,4275
25.79999924,55.59999847,4280
25.79999924,55.59999847,4285
25.70000076,55.59999847,4290
25.70000076,55.59999847,4295
25.79999924,55.59999847,4300
25.79999924,55.5,4305
25.89999962,55.5,4310
25.79999924,55.5,4315
25.89999962,55.5,4320
25.79999924,55.5,4325
25.89999962,55.5,4330
25.79999924,55.5,4335
25.79999924,55.5,4340
25.79999924,55.5,4345
25.79999924,55.5,4350
25.79999924,55.5,4355
25.79999924,55.5,4360
25.79999924,55.5,4365
25.79999924,55.5,4370
25.79999924,55.5,4375
25.89999962,55.5,4380
25.79999924,55.5,4385
25.70000076,55.5,4390
25.89999962,55.40000153,4395
25.79999924,55.40000153,4400
25.89999962,55.40000153,4405
25.79999924,55.40000153,4410
25.70000076,55.40000153,4415
25.89999962,55.40000153,4420
25.79999924,55.40000153,4425
25.89999962,55.40000153,4430
25.79999924,55.40000153,4435
25.79999924,55.40000153,4440
25.79999924,55.29999924,4445
25.79999924,55.29999924,4450
25.89999962,55.29999924,4455
25.70000076,55.29999924,4460
25.70000076,55.29999924,4465
25.79999924,55.29999924,4470
25.79999924,55.29999924,4475
25.79999924,55.29999924,4480
25.70000076,55.29999924,4485
25.79999924,55.29999924,4490
25.79999924,55.29999924,4495
25.79999924,55.29999924,4500
25.89999962,55.20000076,4505
25.79999924,55.20000076,4510
25.70000076,55.20000076,4515
25.79999924,55.20000076,4520
25.79999924,55.20000076,4525
25.70000076,55.20000076,4530
25.79999924,55.20000076,4535
25.79999924,55.20000076,4540
25.79999924,55.20000076,4545
25.79999924,55.20000076,4550
25.70000076,55.20000076,4555
25.79999924,55.20000076,4560
25.79999924,55.20000076,4565
25.70000076,55.20000076,4570
25.79999924,55.20000076,4575
25.79999924,55.20000076,4580
25.70000076,55.20000076,4585
25.79999924,55.09999847,4590
25.79999924,55.09999847,4595
25.79999924,55.09999847,4600
25.70000076,55.09999847,4605
25.70000076,55.09999847,4610
25.79999924,55.09999847,4615
25.79999924,55.09999847,4620
25.79999924,55.09999847,4625
25.79999924,55.09999847,4630
25.79999924,55.09999847,4635
25.70000076,55.09999847,4640
25.70000076,55.09999847,4645
25.70000076,55.09999847,4650
25.70000076,55.09999847,4655
25.79999924,55.09999847,4660
25.79999924,55.09999847,4665
25.70000076,55.09999847,4670
25.79999924,55,4675
25.79999924,55,4680
25.70000076,55,4685
25.79999924,55,4690
25.79999924,55,4695
25.79999924,55,4700
25.70000076,55,4705
25.79999924,55,4710
25.70000076,55,4715
25.79999924,54.90000153,4720
25.79999924,54.90000153,4725
25.79999924,54.90000153,4730
25.70000076,54.90000153,4735
25.79999924,54.90000153,4740
25.70000076,54.90000153,4745
25.70000076,54.90000153,4750
25.70000076,54.90000153,4755
25.79999924,54.90000153,4760
25.79999924,54.90000153,4765
25.79999924,54.90000153,4770
25.70000076,54.90000153,4775
25.70000076,54.90000153,4780
25.79999924,54.90000153,4785
25.79999924,54.79999924,4790
25.79999924,54.79999924,4795
25.70000076,54.79999924,4800
25.79999924,54.79999924,4805
25.79999924,54.79999924,4810
25.70000076,54.79999924,4815
25.70000076,54.79999924,4820
25.70000076,54.79999924,4825
25.89999962,54.70000076,4830
25.79999924,54.70000076,4835
25.70000076,54.70000076,4840
25.79999924,54.70000076,4845
25.79999924,54.70000076,4850
25.70000076,54.70000076,4855
25.70000076,54.70000076,4860
25.70000076,54.70000076,4865
25.70000076,54.70000076,4870
25.70000076,54.70000076,4875
25.70000076,54.70000076,4880
25.70000076,54.59999847,4885
25.79999924,54.59999847,4890
25.70000076,54.59999847,4895
25.70000076,54.59999847,4900
25.70000076,54.59999847,4905
25.79999924,54.59999847,4910
25.79999924,54.59999847,4915
25.79999924,54.59999847,4920
25.70000076,54.59999847,4925
25.79999924,54.5,4930
25.70000076,54.5,4935
25.70000076,54.5,4940
25.70000076,54.5,4945
25.70000076,54.5,4950
25.70000076,54.5,4955
25.70000076,54.5,4960
25.79999924,54.5,4965
25.70000076,54.5,4970
25.70000076,54.5,4975
25.70000076,54.5,4980
25.70000076,54.40000153,4985
25.70000076,54.40000153,4990
25.70000076,54.40000153,4995
25.70000076,54.40000153,5000
25.70000076,54.40000153,5005
25.70000076,54.40000153,5010
25.70000076,54.29999924,5015
25.70000076,54.29999924,5020
25.70000076,54.29999924,5025
25.70000076,54.29999924,5030
25.79999924,54.29999924,5035
25.70000076,54.29999924,5040
25.70000076,54.29999924,5045
25.70000076,54.29999924,5050
25.70000076,54.29999924,5055
25.70000076,54.20000076,5060
25.70000076,54.20000076,5065
25.70000076,54.20000076,5070
25.70000076,54.20000076,5075
25.70000076,54.20000076,5080
25.60000038,54.20000076,5085
25.70000076,54.20000076,5090
25.70000076,54.20000076,5095
25.70000076,54.20000076,5100
25.70000076,54.20000076,5105
25.60000038,54.20000076,5110
25.70000076,54.09999847,5115
25.70000076,54.09999847,5120
25.70000076,54.09999847,5125
25.70000076,54.09999847,5130
25.70000076,54.09999847,5135
25.70000076,54.09999847,5140
25.70000076,54,5145
25.60000038,54,5150
25.60000038,54,5155
25.60000038,54,5160
25.60000038,54,5165
25.70000076,54,5170
25.60000038,53.90000153,5175
25.70000076,53.90000153,5180
25.70000076,53.90000153,5185
25.70000076,53.90000153,5190
25.70000076,53.90000153,5195
25.70000076,53.90000153,5200
25.70000076,53.90000153,5205
25.60000038,53.90000153,5210
25.60000038,53.90000153,5215
25.70000076,53.90000153,5220
25.70000076,53.79999924,5225
25.70000076,53.70000076,5230
25.70000076,53.70000076,5235
25.70000076,53.70000076,5240
25.70000076,53.70000076,5245
25.70000076,53.70000076,5250
25.70000076,53.70000076,5255
25.70000076,53.70000076,5260
25.70000076,53.70000076,5265
25.70000076,53.70000076,5270
25.60000038,53.70000076,5275
25.70000076,53.70000076,5280
25.70000076,53.59999847,5285
25.70000076,53.59999847,5290
25.70000076,53.59999847,5295
25.70000076,53.59999847,5300
25.70000076,53.59999847,5305
25.70000076,53.59999847,5310
25.70000076,53.59999847,5315
25.70000076,53.59999847,5320
25.60000038,53.59999847,5325
25.60000038,53.59999847,5330
25.70000076,53.59999847,5335
25.70000076,53.59999847,5340
25.60000038,53.59999847,5345
25.60000038,53.59999847,5350
25.60000038,53.59999847,5355
25.70000076,53.59999847,5360
25.60000038,53.59999847,5365
25.70000076,53.59999847,5370
25.70000076,53.59999847,5375
25.70000076,53.59999847,5380
25.70000076,53.5,5385
25.70000076,53.5,5390
25.70000076,53.5,5395
25.70000076,53.5,5400
25.60000038,53.5,5405
25.70000076,53.5,5410
25.70000076,53.5,5415
25.70000076,53.5,5420
25.70000076,53.5,5425
25.70000076,53.5,5430
25.70000076,53.5,5435
25.70000076,53.5,5440
25.70000076,53.5,5445
25.70000076,53.5,5450
25.70000076,53.5,5455
25.70000076,53.40000153,5460
25.70000076,53.40000153,5465
25.60000038,53.40000153,5470
25.70000076,53.40000153,5475
25.60000038,53.40000153,5480
25.70000076,53.40000153,5485
25.70000076,53.40000153,5490
25.70000076,53.40000153,5495
25.70000076,53.40000153,5500
25.60000038,53.40000153,5505
25.70000076,53.40000153,5510
25.60000038,53.40000153,5515
25.70000076,53.40000153,5520
25.70000076,53.40000153,5525
25.70000076,53.40000153,5530
25.60000038,53.40000153,5535
25.70000076,53.29999924,5540
25.60000038,53.29999924,5545
25.70000076,53.29999924,5550
25.70000076,53.29999924,5555
25.60000038,53.29999924,5560
25.60000038,53.29999924,5565
25.70000076,53.29999924,5570
25.70000076,53.20000076,5575
25.60000038,53.20000076,5580
25.70000076,53.20000076,5585
25.70000076,53.20000076,5590
25.70000076,53.20000076,5595
25.60000038,53.20000076,5600
25.70000076,53.20000076,5605
25.70000076,53.09999847,5610
25.70000076,53.09999847,5615
25.70000076,53.09999847,5620
25.70000076,53.09999847,5625
25.70000076,53.09999847,5630
25.70000076,53.09999847,5635
25.60000038,53.09999847,5640
25.70000076,53.09999847,5645
25.60000038,53.09999847,5650
25.60000038,53.09999847,5655
25.70000076,53,5660
25.70000076,53,5665
25.70000076,53,5670
25.70000076,53,5675
25.60000038,53,5680
25.60000038,53,5685
25.70000076,53,5690
25.70000076,53,5695
25.70000076,53,5700
25.60000038,53,5705
25.70000076,53,5710
25.60000038,52.90000153,5715
25.70000076,52.90000153,5720
25.70000076,52.90000153,5725
25.60000038,52.90000153,5730
25.60000038,52.90000153,5735
25.60000038,52.90000153,5740
25.70000076,52.90000153,5745
25.70000076,52.90000153,5750
25.60000038,52.90000153,5755
25.70000076,52.90000153,5760
25.60000038,52.90000153,5765
25.60000038,52.90000153,5770
25.70000076,52.90000153,5775
25.60000038,52.79999924,5780
25.70000076,52.79999924,5785
25.70000076,52.79999924,5790
25.60000038,52.79999924,5795
25.70000076,52.79999924,5800
25.60000038,52.79999924,5805
25.70000076,52.79999924,5810
25.70000076,52.79999924,5815
25.60000038,52.79999924,5820
25.60000038,52.79999924,5825
25.70000076,52.79999924,5830
25.70000076,52.79999924,5835
25.70000076,52.79999924,5840
25.60000038,52.79999924,5845
25.70000076,52.79999924,5850
25.70000076,52.79999924,5855
25.60000038,52.79999924,5860
25.70000076,52.79999924,5865
25.60000038,52.70000076,5870
25.70000076,52.70000076,5875
25.70000076,52.70000076,5880
25.70000076,52.70000076,5885
25.60000038,52.70000076,5890
25.70000076,52.70000076,5895
25.70000076,52.70000076,5900
25.60000038,52.70000076,5905
25.60000038,52.70000076,5910
25.60000038,52.70000076,5915
25.70000076,52.70000076,5920
25.60000038,52.70000076,5925
25.60000038,52.70000076,5930
25.60000038,52.70000076,5935
25.70000076,52.70000076,5940
25.60000038,52.70000076,5945
25.60000038,52.70000076,5950
25.70000076,52.70000076,5955
25.60000038,52.70000076,5960
25.60000038,52.70000076,5965
25.70000076,52.70000076,5970
25.70000076,52.70000076,5975
25.60000038,52.59999847,5980
25.70000076,52.59999847,5985
25.60000038,52.59999847,5990
25.60000038,52.59999847,5995
25.70000076,52.59999847,6000
25.60000038,52.59999847,6005
25.60000038,52.59999847,6010
25.60000038,52.59999847,6015
25.60000038,52.59999847,6020
25.70000076,52.59999847,6025
25.60000038,52.59999847,6030
25.70000076,52.59999847,6035
25.70000076,52.59999847,6040
25.70000076,52.59999847,6045
25.60000038,52.5,6050
25.70000076,52.5,6055
25.70000076,52.5,6060
25.70000076,52.5,6065
25.70000076,52.5,6070
25.79999924,52.5,6075
25.60000038,52.5,6080
25.60000038,52.5,6085
25.70000076,52.5,6090
25.70000076,52.5,6095
25.70000076,52.5,6100
25.70000076,52.5,6105
25.70000076,52.5,6110
25.60000038,52.5,6115
25.60000038,52.5,6120
25.70000076,52.5,6125
25.60000038,52.5,6130
25.60000038,52.5,6135
25.60000038,52.5,6140
25.70000076,52.5,6145
25.60000038,52.5,6150
25.60000038,52.5,6155
25.70000076,52.5,6160
25.70000076,52.5,6165
25.60000038,52.40000153,6170
25.70000076,52.40000153,6175
25.70000076,52.40000153,6180
25.60000038,52.40000153,6185
25.60000038,52.40000153,6190
25.60000038,52.40000153,6195
25.60000038,52.40000153,6200
25.70000076,52.40000153,6205
25.70000076,52.40000153,6210
25.70000076,52.40000153,6215
25.70000076,52.40000153,6220
25.70000076,52.40000153,6225
25.70000076,52.40000153,6230
25.60000038,52.40000153,6235
25.70000076,52.40000153,6240
25.70000076,52.40000153,6245
25.60000038,52.40000153,6250
25.70000076,52.40000153,6255
25.70000076,52.40000153,6260
25.70000076,52.40000153,6265
25.70000076,52.40000153,6270
25.70000076,52.40000153,6275
25.70000076,52.40000153,6280
25.60000038,52.40000153,6285
25.70000076,52.29999924,6290
25.70000076,52.29999924,6295
25.60000038,52.29999924,6300
25.60000038,52.29999924,6305
25.60000038,52.29999924,6310
25.70000076,52.29999924,6315
25.60000038,52.29999924,6320
25.60000038,52.29999924,6325
25.70000076,52.29999924,6330
25.60000038,52.29999924,6335
25.60000038,52.29999924,6340
25.60000038,52.29999924,6345
25.60000038,52.29999924,6350
25.60000038,52.29999924,6355
25.70000076,52.29999924,6360
25.60000038,52.29999924,6365
25.70000076,52.29999924,6370
25.70000076,52.29999924,6375
25.70000076,52.29999924,6380
25.70000076,52.29999924,6385
25.70000076,52.29999924,6390
25.70000076,52.29999924,6395
25.70000076,52.29999924,6400
25.70000076,52.29999924,6405
25.70000076,52.29999924,6410
25.60000038,52.29999924,6415
25.60000038,52.29999924,6420
25.70000076,52.29999924,6425
25.70000076,52.29999924,6430
25.70000076,52.29999924,6435
25.70000076,52.29999924,6440
25.70000076,52.20000076,6445
25.70000076,52.20000076,6450
25.70000076,52.20000076,6455
25.60000038,52.20000076,6460
25.60000038,52.20000076,6465
25.70000076,52.20000076,6470
25.70000076,52.20000076,6475
25.70000076,52.20000076,6480
25.60000038,52.20000076,6485
25.70000076,52.20000076,6490
25.5,52.20000076,6495
25.60000038,52.20000076,6500
25.60000038,52.20000076,6505
25.60000038,52.20000076,6510
25.70000076,52.20000076,6515
25.79999924,52.20000076,6520
25.70000076,52.20000076,6525
25.70000076,52.20000076,6530
25.60000038,52.20000076,6535
25.70000076,52.20000076,6540
25.70000076,52.20000076,6545
25.79999924,52.20000076,6550
25.70000076,52.20000076,6555
25.70000076,52.09999847,6560
25.70000076,52.09999847,6565
25.70000076,52.09999847,6570
25.70000076,52.09999847,6575
25.60000038,52.09999847,6580
25.70000076,52.09999847,6585
25.70000076,52.09999847,6590
25.60000038,52.09999847,6595
25.60000038,52.09999847,6600
25.70000076,52.09999847,6605
25.60000038,52.09999847,6610
25.60000038,52.09999847,6615
25.60000038,52.09999847,6620
25.70000076,52.09999847,6625
25.60000038,52.09999847,6630
25.60000038,52.09999847,6635
25.70000076,52.09999847,6640
25.70000076,52.09999847,6645
25.70000076,52.09999847,6650
25.70000076,52.09999847,6655
25.70000076,52.09999847,6660
25.60000038,52.09999847,6665
25.70000076,52.09999847,6670
25.60000038,52.09999847,6675
25.60000038,52.09999847,6680
25.70000076,52.09999847,6685
25.70000076,52.09999847,6690
25.60000038,52.09999847,6695
25.70000076,52.09999847,6700
25.70000076,52.09999847,6705
25.70000076,52,6710
25.70000076,52,6715
25.70000076,52,6720
25.60000038,52,6725
25.70000076,52,6730
25.70000076,52,6735
25.70000076,52,6740
25.60000038,52,6745
25.60000038,52,6750
25.70000076,52,6755
25.70000076,52,6760
25.70000076,52,6765
25.60000038,52,6770
25.70000076,52,6775
25.70000076,52,6780
25.70000076,52,6785
25.70000076,52,6790
25.70000076,52,6795
25.70000076,52,6800
25.70000076,52,6805
25.70000076,52,6810
25.70000076,52,6815
25.70000076,52,6820
25.70000076,52,6825
25.70000076,52,6830
25.60000038,52,6835
25.70000076,52,6840
25.70000076,52,6845
25.70000076,51.90000153,6850
25.70000076,51.90000153,6855
25.70000076,51.90000153,6860
25.60000038,51.90000153,6865
25.60000038,51.90000153,6870
25.60000038,51.90000153,6875
25.60000038,51.90000153,6880
25.60000038,51.90000153,6885
25.60000038,51.90000153,6890
25.60000038,51.90000153,6895
25.60000038,51.90000153,6900
25.60000038,51.90000153,6905
25.60000038,51.90000153,6910
25.60000038,51.90000153,6915
25.60000038,51.90000153,6920
25.60000038,51.90000153,6925
25.70000076,51.90000153,6930
25.70000076,51.90000153,6935
25.70000076,51.90000153,6940
25.60000038,51.90000153,6945
25.60000038,51.90000153,6950
25.70000076,51.90000153,6955
25.60000038,51.90000153,6960
25.70000076,51.90000153,6965
25.70000076,51.90000153,6970
25.5,51.90000153,6975
25.70000076,51.90000153,6980
25.70000076,51.90000153,6985
25.70000076,51.90000153,6990
25.70000076,51.90000153,6995
25.70000076,51.90000153,7000
25.70000076,51.90000153,7005
25.70000076,51.90000153,7010
25.70000076,51.90000153,7015
25.70000076,51.90000153,7020
25.70000076,51.90000153,7025
25.60000038,51.79999924,7030
25.70000076,51.79999924,7035
25.70000076,51.79999924,7040
25.60000038,51.79999924,7045
25.70000076,51.79999924,7050
25.60000038,51.79999924,7055
25.60000038,51.79999924,7060
25.70000076,51.79999924,7065
25.70000076,51.79999924,7070
25.70000076,51.79999924,7075
25.70000076,51.79999924,7080
25.70000076,51.79999924,7085
25.70000076,51.79999924,7090
25.60000038,51.79999924,7095
25.70000076,51.79999924,7100
25.70000076,51.79999924,7105
25.70000076,51.79999924,7110
25.70000076,51.79999924,7115
25.70000076,51.79999924,7120
25.60000038,51.79999924,7125
25.60000038,51.79999924,7130
25.70000076,51.79999924,7135
25.70000076,51.79999924,7140
25.60000038,51.70000076,7145
25.60000038,51.70000076,7150
25.60000038,51.70000076,7155
25.60000038,51.70000076,7160
25.70000076,51.70000076,7165
25.60000038,51.70000076,7170
25.60000038,51.70000076,7175
25.70000076,51.70000076,7180
25.60000038,51.70000076,7185
25.60000038,51.70000076,7190
25.70000076,51.70000076,7195
25.60000038,51.70000076,7200
25.70000076,51.70000076,7205
25.70000076,51.70000076,7210
25.70000076,51.70000076,7215
25.70000076,51.70000076,7220
25.60000038,51.70000076,7225
25.60000038,51.70000076,7230
25.70000076,51.70000076,7235
25.70000076,51.70000076,7240
25.70000076,51.70000076,7245
25.70000076,51.70000076,7250
25.70000076,51.70000076,7255
25.70000076,51.59999847,7260
25.70000076,51.59999847,7265
25.60000038,51.59999847,7270
25.70000076,51.59999847,7275
25.70000076,51.59999847,7280
25.60000038,51.59999847,7285
25.60000038,51.59999847,7290
25.70000076,51.59999847,7295
25.60000038,51.59999847,7300
25.70000076,51.59999847,7305
25.70000076,51.59999847,7310
25.79999924,51.59999847,7315
25.60000038,51.59999847,7320
25.70000076,51.59999847,7325
25.70000076,51.59999847,7330
25.60000038,51.59999847,7335
25.70000076,51.59999847,7340
25.70000076,51.59999847,7345
25.70000076,51.59999847,7350
25.70000076,51.59999847,7355
25.70000076,51.59999847,7360
25.70000076,51.59999847,7365
25.70000076,51.59999847,7370
25.70000076,51.59999847,7375
25.70000076,51.59999847,7380
25.70000076,51.59999847,7385
25.70000076,51.59999847,7390
25.70000076,51.59999847,7395
25.70000076,51.59999847,7400
25.60000038,51.59999847,7405
25.70000076,51.59999847,7410
25.70000076,51.59999847,7415
25.70000076,51.59999847,7420
25.70000076,51.59999847,7425
25.70000076,51.59999847,7430
25.70000076,51.59999847,7435
25.70000076,51.59999847,7440
25.70000076,51.59999847,7445
25.70000076,51.59999847,7450
25.79999924,51.59999847,7455
25.60000038,51.59999847,7460
25.70000076,51.59999847,7465
25.70000076,51.59999847,7470
25.70000076,51.59999847,7475
25.60000038,51.59999847,7480
25.70000076,51.59999847,7485
25.70000076,51.59999847,7490
25.60000038,51.59999847,7495
25.70000076,51.59999847,7500
25.70000076,51.59999847,7505
25.70000076,51.59999847,7510
25.79999924,51.59999847,7515
25.60000038,51.59999847,7520
25.70000076,51.59999847,7525
25.70000076,51.59999847,7530
25.70000076,51.59999847,7535
25.70000076,51.59999847,7540
25.5,51.5,7545
25.70000076,51.5,7550
25.70000076,51.5,7555
25.60000038,51.5,7560
25.70000076,51.5,7565
25.70000076,51.5,7570
25.60000038,51.5,7575
25.60000038,51.5,7580
25.70000076,51.5,7585
25.60000038,51.5,7590
25.60000038,51.5,7595
25.60000038,51.5,7600
25.70000076,51.5,7605
25.70000076,51.5,7610
25.70000076,51.5,7615
25.70000076,51.5,7620
25.70000076,51.5,7625
25.70000076,51.5,7630
25.70000076,51.5,7635
25.70000076,51.5,7640
25.70000076,51.5,7645
25.60000038,51.5,7650
25.70000076,51.5,7655
25.70000076,51.5,7660
25.70000076,51.5,7665
25.70000076,51.5,7670
25.70000076,51.5,7675
25.70000076,51.5,7680
25.70000076,51.5,7685
25.70000076,51.5,7690
25.70000076,51.5,7695
25.70000076,51.5,7700
25.70000076,51.5,7705
25.70000076,51.5,7710
25.70000076,51.5,7715
25.70000076,51.5,7720
25.70000076,51.5,7725
25.60000038,51.5,7730
25.60000038,51.5,7735
25.70000076,51.5,7740
25.70000076,51.5,7745
25.70000076,51.5,7750
25.60000038,51.5,7755
25.70000076,51.5,7760
25.70000076,51.5,7765
25.70000076,51.5,7770
25.70000076,51.5,7775
25.79999924,51.5,7780
25.79999924,51.5,7785
25.70000076,51.5,7790
25.70000076,51.5,7795
25.79999924,51.5,7800
25.70000076,51.40000153,7805
25.60000038,51.40000153,7810
25.60000038,51.40000153,7815
25.60000038,51.40000153,7820
25.60000038,51.40000153,7825
25.60000038,51.40000153,7830
25.70000076,51.40000153,7835
25.60000038,51.40000153,7840
25.60000038,51.40000153,7845
25.60000038,51.40000153,7850
25.60000038,51.40000153,7855
25.60000038,51.40000153,7860
25.60000038,51.40000153,7865
25.70000076,51.40000153,7870
25.70000076,51.40000153,7875
25.70000076,51.40000153,7880
25.70000076,51.40000153,7885
25.60000038,51.40000153,7890
25.70000076,51.40000153,7895
25.70000076,51.40000153,7900
25.70000076,51.40000153,7905
25.70000076,51.40000153,7910
25.70000076,51.40000153,7915
25.70000076,51.40000153,7920
25.70000076,51.40000153,7925
25.70000076,51.40000153,7930
25.70000076,51.40000153,7935
25.70000076,51.40000153,7940
25.70000076,51.40000153,7945
25.60000038,51.40000153,7950
25.70000076,51.40000153,7955
25.70000076,51.40000153,7960
25.70000076,51.40000153,7965
25.70000076,51.40000153,7970
25.70000076,51.40000153,7975
25.70000076,51.40000153,7980
25.70000076,51.40000153,7985
25.70000076,51.40000153,7990
25.70000076,51.40000153,7995
25.60000038,51.40000153,8000
25.70000076,51.40000153,8005
25.60000038,51.40000153,8010
25.70000076,51.40000153,8015
25.60000038,51.40000153,8020
25.70000076,51.40000153,8025
25.70000076,51.40000153,8030
25.70000076,51.40000153,8035
25.60000038,51.40000153,8040
25.70000076,51.40000153,8045
25.70000076,51.40000153,8050
25.60000038,51.40000153,8055
25.70000076,51.40000153,8060
25.70000076,51.40000153,8065
25.70000076,51.40000153,8070
25.60000038,51.40000153,8075
25.60000038,51.40000153,8080
25.60000038,51.40000153,8085
25.70000076,51.40000153,8090
25.70000076,51.40000153,8095
25.70000076,51.40000153,8100
25.60000038,51.40000153,8105
25.60000038,51.40000153,8110
25.70000076,51.40000153,8115
25.70000076,51.40000153,8120
25.79999924,51.40000153,8125
25.70000076,51.40000153,8130
25.70000076,51.40000153,8135
25.70000076,51.40000153,8140
25.70000076,51.40000153,8145
25.70000076,51.40000153,8150
25.70000076,51.40000153,8155
25.70000076,51.40000153,8160
25.70000076,51.40000153,8165
25.70000076,51.40000153,8170
25.70000076,51.40000153,8175
25.70000076,51.40000153,8180
25.70000076,51.40000153,8185
25.70000076,51.40000153,8190
25.79999924,51.40000153,8195
25.79999924,51.40000153,8200
25.79999924,51.40000153,8205
25.70000076,51.40000153,8210
25.70000076,51.40000153,8215
25.79999924,51.40000153,8220
25.70000076,51.29999924,8225
25.60000038,51.29999924,8230
25.70000076,51.29999924,8235
25.60000038,51.29999924,8240
25.60000038,51.29999924,8245
25.60000038,51.29999924,8250
25.70000076,51.29999924,8255
25.60000038,51.29999924,8260
25.70000076,51.29999924,8265
25.60000038,51.29999924,8270
25.70000076,51.29999924,8275
25.70000076,51.29999924,8280
25.60000038,51.29999924,8285
25.70000076,51.29999924,8290
25.70000076,51.29999924,8295
25.70000076,51.29999924,8300
25.70000076,51.29999924,8305
25.70000076,51.29999924,8310
25.70000076,51.29999924,8315
25.70000076,51.29999924,8320
25.60000038,51.29999924,8325
25.70000076,51.29999924,8330
25.70000076,51.29999924,8335
25.70000076,51.29999924,8340
25.70000076,51.29999924,8345
25.70000076,51.29999924,8350
25.70000076,51.29999924,8355
25.70000076,51.29999924,8360
25.70000076,51.29999924,8365
25.70000076,51.29999924,8370
25.70000076,51.29999924,8375
25.70000076,51.29999924,8380
25.60000038,51.29999924,8385
25.70000076,51.29999924,8390
25.70000076,51.29999924,8395
25.79999924,51.29999924,8400
25.70000076,51.29999924,8405
25.60000038,51.29999924,8410
25.70000076,51.29999924,8415
25.60000038,51.29999924,8420
25.60000038,51.29999924,8425
25.60000038,51.29999924,8430
25.70000076,51.29999924,8435
25.60000038,51.29999924,8440
25.70000076,51.29999924,8445
25.60000038,51.29999924,8450
25.60000038,51.29999924,8455
25.70000076,51.29999924,8460
25.70000076,51.29999924,8465
25.70000076,51.29999924,8470
25.60000038,51.29999924,8475
25.70000076,51.29999924,8480
25.60000038,51.29999924,8485
25.70000076,51.29999924,8490
25.70000076,51.29999924,8495
25.70000076,51.29999924,8500
25.70000076,51.29999924,8505
25.70000076,51.29999924,8510
25.79999924,51.29999924,8515
25.79999924,51.29999924,8520
25.70000076,51.29999924,8525
25.79999924,51.29999924,8530
25.70000076,51.29999924,8535
25.79999924,51.29999924,8540
25.79999924,51.29999924,8545
25.79999924,51.29999924,8550
25.79999924,51.29999924,8555
25.79999924,51.29999924,8560
25.70000076,51.29999924,8565
25.79999924,51.29999924,8570
25.79999924,51.29999924,8575
25.79999924,51.29999924,8580
25.70000076,51.20000076,8585
25.70000076,51.20000076,8590
25.60000038,51.20000076,8595
25.60000038,51.20000076,8600
25.60000038,51.20000076,8605
25.60000038,51.20000076,8610
25.70000076,51.20000076,8615
25.70000076,51.20000076,8620
25.70000076,51.20000076,8625
25.60000038,51.20000076,8630
25.70000076,51.20000076,8635
25.70000076,51.20000076,8640
25.70000076,51.20000076,8645
25.70000076,51.20000076,8650
25.70000076,51.20000076,8655
25.70000076,51.20000076,8660
25.70000076,51.20000076,8665
25.70000076,51.20000076,8670
25.79999924,51.20000076,8675
25.70000076,51.20000076,8680
25.70000076,51.20000076,8685
25.70000076,51.20000076,8690
25.70000076,51.20000076,8695
25.70000076,51.20000076,8700
25.70000076,51.20000076,8705
25.70000076,51.20000076,8710
25.70000076,51.20000076,8715
25.60000038,51.20000076,8720
25.60000038,51.20000076,8725
25.70000076,51.20000076,8730
25.70000076,51.20000076,8735
25.70000076,51.20000076,8740
25.70000076,51.20000076,8745
25.79999924,51.20000076,8750
25.70000076,51.20000076,8755
25.70000076,51.20000076,8760
25.70000076,51.20000076,8765
25.70000076,51.20000076,8770
25.70000076,51.20000076,8775
25.79999924,51.20000076,8780
25.79999924,51.20000076,8785
25.79999924,51.20000076,8790
25.70000076,51.20000076,8795
25.70000076,51.20000076,8800
25.79999924,51.20000076,8805
25.79999924,51.20000076,8810
25.79999924,51.20000076,8815
25.79999924,51.20000076,8820
25.79999924,51.20000076,8825
25.79999924,51.20000076,8830
25.79999924,51.20000076,8835
25.70000076,51.20000076,8840
25.79999924,51.20000076,8845
25.79999924,51.20000076,8850
25.79999924,51.20000076,8855
25.79999924,51.20000076,8860
25.79999924,51.20000076,8865
25.79999924,51.20000076,8870
25.79999924,51.20000076,8875
25.79999924,51.20000076,8880
25.89999962,51.20000076,8885
25.70000076,51.09999847,8890
25.70000076,51.09999847,8895
25.70000076,51.09999847,8900
25.60000038,51.09999847,8905
25.60000038,51.09999847,8910
25.70000076,51.09999847,8915
25.70000076,51.09999847,8920
25.70000076,51.09999847,8925
25.70000076,51.09999847,8930
25.70000076,51.09999847,8935
25.70000076,51.09999847,8940
25.70000076,51.09999847,8945
25.70000076,51.09999847,8950
25.70000076,51.09999847,8955
25.70000076,51.09999847,8960
25.70000076,51.09999847,8965
25.60000038,51.09999847,8970
25.70000076,51.09999847,8975
25.70000076,51.09999847,8980
25.70000076,51.09999847,8985
25.60000038,51.09999847,8990
25.70000076,51.09999847,8995
25.60000038,51.09999847,9000
25.70000076,51.09999847,9005
25.70000076,51.09999847,9010
25.60000038,51.09999847,9015
25.70000076,51.09999847,9020
25.60000038,51.09999847,9025
25.60000038,51.09999847,9030
25.70000076,51.09999847,9035
25.70000076,51.09999847,9040
25.70000076,51.09999847,9045
25.70000076,51.09999847,9050
25.70000076,51.09999847,9055
25.70000076,51.09999847,9060
25.70000076,51.09999847,9065
25.79999924,51.09999847,9070
25.70000076,51.09999847,9075
25.79999924,51.09999847,9080
25.79999924,51.09999847,9085
25.79999924,51.09999847,9090
25.79999924,51.09999847,9095
25.79999924,51.09999847,9100
25.79999924,51.09999847,9105
25.79999924,51.09999847,9110
25.70000076,51.09999847,9115
25.79999924,51.09999847,9120
25.79999924,51.09999847,9125
25.79999924,51.09999847,9130
25.79999924,51.09999847,9135
25.79999924,51.09999847,9140
25.89999962,51.09999847,9145
25.79999924,51.09999847,9150
25.70000076,51,9155
25.5,51,9160
25.60000038,51,9165
25.5,51,9170
25.60000038,51,9175
25.70000076,51,9180
25.60000038,51,9185
25.70000076,51,9190
25.70000076,51,9195
25.70000076,51,9200
25.60000038,51,9205
25.70000076,51,9210
25.79999924,51,9215
25.60000038,51,9220
25.70000076,51,9225
25.70000076,51,9230
25.70000076,51,9235
25.60000038,51,9240
25.60000038,51,9245
25.70000076,51,9250
25.70000076,51,9255
25.70000076,51,9260
25.70000076,51,9265
25.70000076,51,9270
25.70000076,51,9275
25.70000076,51,9280
25.79999924,51,9285
25.70000076,51,9290
25.70000076,51,9295
25.70000076,51,9300
25.70000076,51,9305
25.79999924,51,9310
25.79999924,51,9315
25.79999924,51,9320
25.79999924,51,9325
25.79999924,51,9330
25.70000076,51,9335
25.79999924,51,9340
25.79999924,51,9345
25.79999924,51,9350
25.79999924,51,9355
25.79999924,51,9360
25.79999924,51,9365
25.79999924,51,9370
25.79999924,51,9375
25.79999924,51,9380
25.89999962,51,9385
25.60000038,50.90000153,9390
25.60000038,50.90000153,9395
25.60000038,50.90000153,9400
25.60000038,50.90000153,9405
25.70000076,50.90000153,9410
25.60000038,50.90000153,9415
25.60000038,50.90000153,9420
25.60000038,50.90000153,9425
25.70000076,50.90000153,9430
25.70000076,50.90000153,9435
25.70000076,50.90000153,9440
25.70000076,50.90000153,9445
25.70000076,50.90000153,9450
25.70000076,50.90000153,9455
25.70000076,50.90000153,9460
25.70000076,50.90000153,9465
25.70000076,50.90000153,9470
25.70000076,50.90000153,9475
25.70000076,50.90000153,9480
25.70000076,50.90000153,9485
25.70000076,50.90000153,9490
25.70000076,50.90000153,9495
25.70000076,50.90000153,9500
25.70000076,50.90000153,9505
25.70000076,50.90000153,9510
25.70000076,50.90000153,9515
25.60000038,50.90000153,9520
25.79999924,50.90000153,9525
25.79999924,50.90000153,9530
25.79999924,50.90000153,9535
25.79999924,50.90000153,9540
25.79999924,50.90000153,9545
25.79999924,50.90000153,9550
25.79999924,50.90000153,9555
25.79999924,50.90000153,9560
25.79999924,50.90000153,9565
25.79999924,50.90000153,9570
25.79999924,50.90000153,9575
25.79999924,50.90000153,9580
25.79999924,50.90000153,9585
25.89999962,50.90000153,9590
25.79999924,50.90000153,9595
25.79999924,50.90000153,9600
25.79999924,50.90000153,9605
25.79999924,50.90000153,9610
25.89999962,50.90000153,9615
25.60000038,50.79999924,9620
25.70000076,50.79999924,9625
25.70000076,50.79999924,9630
25.70000076,50.79999924,9635
25.70000076,50.79999924,9640
25.70000076,50.79999924,9645
25.70000076,50.79999924,9650
25.79999924,50.79999924,9655
25.70000076,50.79999924,9660
25.70000076,50.79999924,9665
25.70000076,50.79999924,9670
25.70000076,50.79999924,9675
25.70000076,50.79999924,9680
25.70000076,50.79999924,9685
25.70000076,50.79999924,9690
25.70000076,50.79999924,9695
25.79999924,50.79999924,9700
25.70000076,50.79999924,9705
25.70000076,50.79999924,9710
25.70000076,50.79999924,9715
25.79999924,50.79999924,9720
25.70000076,50.79999924,9725
25.70000076,50.79999924,9730
25.70000076,50.79999924,9735
25.70000076,50.79999924,9740
25.70000076,50.79999924,9745
25.79999924,50.79999924,9750
25.70000076,50.79999924,9755
25.70000076,50.79999924,9760
25.79999924,50.79999924,9765
25.70000076,50.79999924,9770
25.89999962,50.79999924,9775
25.79999924,50.79999924,9780
25.79999924,50.79999924,9785
25.79999924,50.79999924,9790
25.79999924,50.79999924,9795
25.79999924,50.79999924,9800
25.79999924,50.79999924,9805
25.79999924,50.79999924,9810
25.89999962,50.79999924,9815
25.79999924,50.79999924,9820
25.79999924,50.79999924,9825
25.79999924,50.79999924,9830
25.79999924,50.79999924,9835
25.89999962,50.79999924,9840
25.89999962,50.79999924,9845
26,50.79999924,9850
25.70000076,50.70000076,9855
25.70000076,50.70000076,9860
25.60000038,50.70000076,9865
25.60000038,50.70000076,9870
25.60000038,50.70000076,9875
25.60000038,50.70000076,9880
25.79999924,50.70000076,9885
25.70000076,50.70000076,9890
25.70000076,50.70000076,9895
25.70000076,50.70000076,9900
25.60000038,50.70000076,9905
25.70000076,50.70000076,9910
25.70000076,50.70000076,9915
25.70000076,50.70000076,9920
25.60000038,50.70000076,9925
25.70000076,50.70000076,9930
25.70000076,50.70000076,9935
25.70000076,50.70000076,9940
25.79999924,50.70000076,9945
25.70000076,50.70000076,9950
25.70000076,50.70000076,9955
25.70000076,50.70000076,9960
25.70000076,50.70000076,9965
25.70000076,50.70000076,9970
25.70000076,50.70000076,9975
25.70000076,50.70000076,9980
25.70000076,50.70000076,9985
25.79999924,50.70000076,9990
25.79999924,50.70000076,9995
25.79999924,50.70000076,10000
25.79999924,50.70000076,10005
25.79999924,50.70000076,10010
25.79999924,50.70000076,10015
25.79999924,50.70000076,10020
25.79999924,50.70000076,10025
25.70000076,50.70000076,10030
25.79999924,50.70000076,10035
25.79999924,50.70000076,10040
25.89999962,50.70000076,10045
25.79999924,50.70000076,10050
25.79999924,50.70000076,10055
25.70000076,50.70000076,10060
25.79999924,50.70000076,10065
25.79999924,50.70000076,10070
25.89999962,50.70000076,10075
25.79999924,50.70000076,10080
25.79999924,50.70000076,10085
25.79999924,50.70000076,10090
25.79999924,50.70000076,10095
25.79999924,50.70000076,10100
25.70000076,50.70000076,10105
25.79999924,50.70000076,10110
25.89999962,50.70000076,10115
25.89999962,50.70000076,10120
25.79999924,50.70000076,10125
25.89999962,50.70000076,10130
25.60000038,50.59999847,10135
25.60000038,50.59999847,10140
25.60000038,50.59999847,10145
25.60000038,50.59999847,10150
25.60000038,50.59999847,10155
25.70000076,50.59999847,10160
25.60000038,50.59999847,10165
25.70000076,50.59999847,10170
25.60000038,50.59999847,10175
25.70000076,50.59999847,10180
25.79999924,50.59999847,10185
25.70000076,50.59999847,10190
25.70000076,50.59999847,10195
25.79999924,50.59999847,10200
25.60000038,50.59999847,10205
25.79999924,50.59999847,10210
25.70000076,50.59999847,10215
25.70000076,50.59999847,10220
25.60000038,50.59999847,10225
25.70000076,50.59999847,10230
25.70000076,50.59999847,10235
25.79999924,50.59999847,10240
25.70000076,50.59999847,10245
25.70000076,50.59999847,10250
25.70000076,50.59999847,10255
25.79999924,50.59999847,10260
25.79999924,50.59999847,10265
25.79999924,50.59999847,10270
25.79999924,50.59999847,10275
25.79999924,50.59999847,10280
25.70000076,50.59999847,10285
25.70000076,50.59999847,10290
25.79999924,50.59999847,10295
25.79999924,50.59999847,10300
25.79999924,50.59999847,10305
25.79999924,50.59999847,10310
25.79999924,50.59999847,10315
25.79999924,50.59999847,10320
25.70000076,50.59999847,10325
25.79999924,50.59999847,10330
25.79999924,50.59999847,10335
25.79999924,50.59999847,10340
25.79999924,50.59999847,10345
25.79999924,50.59999847,10350
25.89999962,50.59999847,10355
25.79999924,50.59999847,10360
25.79999924,50.59999847,10365
25.79999924,50.59999847,10370
25.89999962,50.59999847,10375
25.79999924,50.59999847,10380
25.89999962,50.59999847,10385
25.89999962,50.59999847,10390
25.79999924,50.59999847,10395
25.79999924,50.59999847,10400
25.79999924,50.59999847,10405
26,50.59999847,10410
26,50.59999847,10415
26.20000076,50.59999847,10420
25.60000038,50.5,10425
25.60000038,50.5,10430
25.70000076,50.5,10435
25.70000076,50.5,10440
25.60000038,50.5,10445
25.60000038,50.5,10450
25.70000076,50.5,10455
25.70000076,50.5,10460
25.70000076,50.5,10465
25.60000038,50.5,10470
25.70000076,50.5,10475
25.79999924,50.5,10480
25.70000076,50.5,10485
25.70000076,50.5,10490
25.70000076,50.5,10495
25.70000076,50.5,10500
25.70000076,50.5,10505
25.70000076,50.5,10510
25.70000076,50.5,10515
25.70000076,50.5,10520
25.79999924,50.5,10525
25.70000076,50.5,10530
25.70000076,50.5,10535
25.70000076,50.5,10540
25.70000076,50.5,10545
25.70000076,50.5,10550
25.70000076,50.5,10555
25.70000076,50.5,10560
25.70000076,50.5,10565
25.70000076,50.5,10570
25.79999924,50.5,10575
25.70000076,50.5,10580
25.79999924,50.5,10585
25.79999924,50.5,10590
25.79999924,50.5,10595
25.79999924,50.5,10600
25.79999924,50.5,10605
25.79999924,50.5,10610
25.79999924,50.5,10615
25.70000076,50.5,10620
25.70000076,50.5,10625
25.70000076,50.5,10630
25.79999924,50.5,10635
25.70000076,50.5,10640
25.70000076,50.5,10645
25.79999924,50.5,10650
25.79999924,50.5,10655
25.79999924,50.5,10660
25.79999924,50.5,10665
25.79999924,50.5,10670
25.79999924,50.5,10675
25.79999924,50.5,10680
25.79999924,50.5,10685
25.89999962,50.5,10690
25.79999924,50.5,10695
25.79999924,50.5,10700
25.79999924,50.5,10705
25.89999962,50.5,10710
25.89999962,50.5,10715
25.89999962,50.5,10720
25.79999924,50.5,10725
25.89999962,50.5,10730
25.79999924,50.5,10735
25.79999924,50.5,10740
25.79999924,50.5,10745
25.89999962,50.5,10750
26.10000038,50.5,10755
26.20000076,50.5,10760
26.10000038,50.5,10765
26.20000076,50.5,10770
26.20000076,50.5,10775
26.29999924,50.5,10780
26.20000076,50.5,10785
26.29999924,50.5,10790
26.29999924,50.5,10795
26.20000076,50.5,10800
25.60000038,50.40000153,10805
25.70000076,50.40000153,10810
25.60000038,50.40000153,10815
25.70000076,50.40000153,10820
25.60000038,50.40000153,10825
25.70000076,50.40000153,10830
25.79999924,50.40000153,10835
25.70000076,50.40000153,10840
25.70000076,50.40000153,10845
25.70000076,50.40000153,10850
25.70000076,50.40000153,10855
25.70000076,50.40000153,10860
25.70000076,50.40000153,10865
25.79999924,50.40000153,10870
25.79999924,50.40000153,10875
25.79999924,50.40000153,10880
25.79999924,50.40000153,10885
25.70000076,50.40000153,10890
25.70000076,50.40000153,10895
25.79999924,50.40000153,10900
25.79999924,50.40000153,10905
25.79999924,50.40000153,10910
25.70000076,50.40000153,10915
25.79999924,50.40000153,10920
25.70000076,50.40000153,10925
25.79999924,50.40000153,10930
25.79999924,50.40000153,10935
25.79999924,50.40000153,10940
25.70000076,50.40000153,10945
25.79999924,50.40000153,10950
25.79999924,50.40000153,10955
25.79999924,50.40000153,10960
25.79999924,50.40000153,10965
25.89999962,50.40000153,10970
25.79999924,50.40000153,10975
25.79999924,50.40000153,10980
25.89999962,50.40000153,10985
25.79999924,50.40000153,10990
25.89999962,50.40000153,10995
25.89999962,50.40000153,11000
25.79999924,50.40000153,11005
25.89999962,50.40000153,11010
25.89999962,50.40000153,11015
25.89999962,50.40000153,11020
25.79999924,50.40000153,11025
25.89999962,50.40000153,11030
25.89999962,50.40000153,11035
25.89999962,50.40000153,11040
26,50.40000153,11045
26,50.40000153,11050
26,50.40000153,11055
26,50.40000153,11060
26.10000038,50.40000153,11065
26.10000038,50.40000153,11070
26.10000038,50.40000153,11075
26.20000076,50.40000153,11080
26.10000038,50.40000153,11085
26.10000038,50.40000153,11090
26.20000076,50.40000153,11095
26.29999924,50.40000153,11100
26.20000076,50.40000153,11105
26.20000076,50.40000153,11110
26.20000076,50.40000153,11115
26.29999924,50.40000153,11120
26.29999924,50.40000153,11125
26.29999924,50.40000153,11130
26.39999962,50.40000153,11135
25.60000038,50.29999924,11140
25.60000038,50.29999924,11145
25.60000038,50.29999924,11150
25.70000076,50.29999924,11155
25.79999924,50.29999924,11160
25.70000076,50.29999924,11165
25.70000076,50.29999924,11170
25.79999924,50.29999924,11175
25.60000038,50.29999924,11180
25.70000076,50.29999924,11185
25.70000076,50.29999924,11190
25.70000076,50.29999924,11195
25.79999924,50.29999924,11200
25.79999924,50.29999924,11205
25.79999924,50.29999924,11210
25.70000076,50.29999924,11215
25.79999924,50.29999924,11220
25.79999924,50.29999924,11225
25.79999924,50.29999924,11230
25.79999924,50.29999924,11235
25.79999924,50.29999924,11240
25.79999924,50.29999924,11245
25.70000076,50.29999924,11250
25.70000076,50.29999924,11255
25.70000076,50.29999924,11260
25.79999924,50.29999924,11265
25.70000076,50.29999924,11270
25.70000076,50.29999924,11275
25.79999924,50.29999924,11280
25.70000076,50.29999924,11285
25.70000076,50.29999924,11290
25.79999924,50.29999924,11295
25.79999924,50.29999924,11300
25.79999924,50.29999924,11305
25.79999924,50.29999924,11310
25.79999924,50.29999924,11315
25.89999962,50.29999924,11320
25.89999962,50.29999924,11325
25.79999924,50.29999924,11330
25.89999962,50.29999924,11335
25.89999962,50.29999924,11340
25.79999924,50.29999924,11345
25.79999924,50.29999924,11350
25.79999924,50.29999924,11355
26,50.29999924,11360
26,50.29999924,11365
26,50.29999924,11370
26,50.29999924,11375
26.10000038,50.29999924,11380
26.10000038,50.29999924,11385
26.10000038,50.29999924,11390
26.10000038,50.29999924,11395
26.10000038,50.29999924,11400
26.20000076,50.29999924,11405
26.20000076,50.29999924,11410
26.20000076,50.29999924,11415
26.29999924,50.29999924,11420
26.29999924,50.29999924,11425
26.29999924,50.29999924,11430
26.29999924,50.29999924,11435
26.29999924,50.29999924,11440
26.29999924,50.29999924,11445
26.5,50.29999924,11450
26.60000038,50.29999924,11455
26.5,50.29999924,11460
26.60000038,50.29999924,11465
25.60000038,50.20000076,11470
25.60000038,50.20000076,11475
25.70000076,50.20000076,11480
25.70000076,50.20000076,11485
25.70000076,50.20000076,11490
25.70000076,50.20000076,11495
25.70000076,50.20000076,11500
25.70000076,50.20000076,11505
25.79999924,50.20000076,11510
25.79999924,50.20000076,11515
25.70000076,50.20000076,11520
25.70000076,50.20000076,11525
25.79999924,50.20000076,11530
25.79999924,50.20000076,11535
25.70000076,50.20000076,11540
25.79999924,50.20000076,11545
25.79999924,50.20000076,11550
25.79999924,50.20000076,11555
25.79999924,50.20000076,11560
25.79999924,50.20000076,11565
25.70000076,50.20000076,11570
25.70000076,50.20000076,11575
25.79999924,50.20000076,11580
25.79999924,50.20000076,11585
25.70000076,50.20000076,11590
25.79999924,50.20000076,11595
25.70000076,50.20000076,11600
25.79999924,50.20000076,11605
25.70000076,50.20000076,11610
25.79999924,50.20000076,11615
25.79999924,50.20000076,11620
25.79999924,50.20000076,11625
25.79999924,50.20000076,11630
25.79999924,50.20000076,11635
25.79999924,50.20000076,11640
25.79999924,50.20000076,11645
25.79999924,50.20000076,11650
25.89999962,50.20000076,11655
25.89999962,50.20000076,11660
25.89999962,50.20000076,11665
25.89999962,50.20000076,11670
26,50.20000076,11675
26,50.20000076,11680
26.10000038,50.20000076,11685
26,50.20000076,11690
26.10000038,50.20000076,11695
26.20000076,50.20000076,11700
26.29999924,50.20000076,11705
26.20000076,50.20000076,11710
26.20000076,50.20000076,11715
26.29999924,50.20000076,11720
26.29999924,50.20000076,11725
26.29999924,50.20000076,11730
26.5,50.20000076,11735
26.5,50.20000076,11740
26.70000076,50.20000076,11745
26.60000038,50.20000076,11750
26.60000038,50.20000076,11755
26.60000038,50.20000076,11760
26.60000038,50.20000076,11765
26.60000038,50.20000076,11770
25.60000038,50.09999847,11775
25.60000038,50.09999847,11780
25.70000076,50.09999847,11785
25.70000076,50.09999847,11790
25.79999924,50.09999847,11795
25.79999924,50.09999847,11800
25.70000076,50.09999847,11805
25.70000076,50.09999847,11810
25.79999924,50.09999847,11815
25.70000076,50.09999847,11820
25.79999924,50.09999847,11825
25.79999924,50.09999847,11830
25.79999924,50.09999847,11835
25.70000076,50.09999847,11840
25.70000076,50.09999847,11845
25.79999924,50.09999847,11850
25.70000076,50.09999847,11855
25.79999924,50.09999847,11860
25.79999924,50.09999847,11865
25.70000076,50.09999847,11870
25.79999924,50.09999847,11875
25.79999924,50.09999847,11880
25.79999924,50.09999847,11885
25.79999924,50.09999847,11890
25.79999924,50.09999847,11895
25.79999924,50.09999847,11900
25.89999962,50.09999847,11905
25.89999962,50.09999847,11910
26,50.09999847,11915
26.10000038,50.09999847,11920
26,50.09999847,11925
26.29999924,50.09999847,11930
26.39999962,50.09999847,11935
26.5,50.09999847,11940
26.60000038,50.09999847,11945
26.60000038,50.09999847,11950
26.60000038,50.09999847,11955
26.60000038,50.09999847,11960
25.60000038,50,11965
25.70000076,50,11970
25.79999924,50,11975
25.79999924,50,11980
25.79999924,50,11985
25.79999924,50,11990
25.70000076,50,11995
25.70000076,50,12000
25.79999924,50,12005
25.79999924,50,12010
25.79999924,50,12015
25.70000076,50,12020
25.79999924,50,12025
25.70000076,50,12030
25.70000076,50,12035
25.79999924,50,12040
25.79999924,50,12045
25.79999924,50,12050
25.79999924,50,12055
25.79999924,50,12060
25.89999962,50,12065
25.89999962,50,12070
25.89999962,50,12075
25.79999924,50,12080
26,50,12085
26.39999962,50,12090
26.39999962,50,12095
26.60000038,50,12100
26.5,50,12105
26.5,50,12110
26.5,50,12115
26.5,50,12120
25.60000038,49.90000153,12125
25.79999924,49.90000153,12130
25.79999924,49.90000153,12135
25.70000076,49.90000153,12140
25.79999924,49.90000153,12145
25.79999924,49.90000153,12150
25.79999924,49.90000153,12155
25.79999924,49.90000153,12160
25.79999924,49.90000153,12165
25.79999924,49.90000153,12170
25.70000076,49.90000153,12175
25.79999924,49.90000153,12180
25.79999924,49.90000153,12185
25.89999962,49.90000153,12190
26.39999962,49.90000153,12195
26.39999962,49.90000153,12200
26.39999962,49.90000153,12205
26.39999962,49.90000153,12210
26.39999962,49.90000153,12215
26.5,49.90000153,12220
26.60000038,49.90000153,12225
26.60000038,49.90000153,12230
25.79999924,49.79999924,12235
25.79999924,49.79999924,12240
25.70000076,49.79999924,12245
25.79999924,49.79999924,12250
25.79999924,49.79999924,12255
25.79999924,49.79999924,12260
25.79999924,49.79999924,12265
25.79999924,49.79999924,12270
25.79999924,49.79999924,12275
25.79999924,49.79999924,12280
25.79999924,49.79999924,12285
25.79999924,49.79999924,12290
25.70000076,49.79999924,12295
25.79999924,49.79999924,12300
25.89999962,49.79999924,12305
25.89999962,49.79999924,12310
25.89999962,49.79999924,12315
25.89999962,49.79999924,12320
26,49.79999924,12325
26.39999962,49.79999924,12330
26.39999962,49.79999924,12335
26.39999962,49.79999924,12340
26.39999962,49.79999924,12345
26.39999962,49.79999924,12350
26.5,49.79999924,12355
26.39999962,49.79999924,12360
26.5,49.79999924,12365
26.5,49.79999924,12370
26.5,49.79999924,12375
26.5,49.79999924,12380
26.5,49.79999924,12385
25.70000076,49.70000076,12390
25.79999924,49.70000076,12395
25.70000076,49.70000076,12400
25.79999924,49.70000076,12405
25.79999924,49.70000076,12410
25.79999924,49.70000076,12415
25.79999924,49.70000076,12420
25.79999924,49.70000076,12425
25.79999924,49.70000076,12430
25.79999924,49.70000076,12435
25.79999924,49.70000076,12440
25.79999924,49.70000076,12445
25.79999924,49.70000076,12450
25.79999924,49.70000076,12455
25.89999962,49.70000076,12460
25.89999962,49.70000076,12465
25.89999962,49.70000076,12470
26.39999962,49.70000076,12475
26.39999962,49.70000076,12480
26.39999962,49.70000076,12485
26.39999962,49.70000076,12490
26.39999962,49.70000076,12495
26.39999962,49.70000076,12500
26.39999962,49.70000076,12505
26.39999962,49.70000076,12510
26.39999962,49.70000076,12515
26.5,49.70000076,12520
26.39999962,49.70000076,12525
26.39999962,49.70000076,12530
26.5,49.70000076,12535
26.60000038,49.70000076,12540
25.79999924,49.59999847,12545
25.79999924,49.59999847,12550
25.79999924,49.59999847,12555
25.79999924,49.59999847,12560
25.70000076,49.59999847,12565
25.79999924,49.59999847,12570
25.79999924,49.59999847,12575
25.79999924,49.59999847,12580
25.79999924,49.59999847,12585
25.89999962,49.59999847,12590
25.79999924,49.59999847,12595
25.79999924,49.59999847,12600
25.79999924,49.59999847,12605
25.89999962,49.59999847,12610
25.89999962,49.59999847,12615
25.89999962,49.59999847,12620
25.89999962,49.59999847,12625
26,49.59999847,12630
25.89999962,49.59999847,12635
26,49.59999847,12640
26.39999962,49.59999847,12645
26.39999962,49.59999847,12650
26.39999962,49.59999847,12655
26.39999962,49.59999847,12660
26.39999962,49.59999847,12665
26.5,49.59999847,12670
26.5,49.59999847,12675
26.39999962,49.59999847,12680
26.5,49.59999847,12685
26.5,49.59999847,12690
26.5,49.59999847,12695
26.5,49.59999847,12700
26.60000038,49.59999847,12705
26.70000076,49.59999847,12710
25.79999924,49.5,12715
25.79999924,49.5,12720
25.79999924,49.5,12725
25.79999924,49.5,12730
25.79999924,49.5,12735
25.79999924,49.5,12740
25.70000076,49.5,12745
25.79999924,49.5,12750
25.79999924,49.5,12755
25.79999924,49.5,12760
25.79999924,49.5,12765
25.89999962,49.5,12770
25.89999962,49.5,12775
25.79999924,49.5,12780
25.89999962,49.5,12785
25.89999962,49.5,12790
25.89999962,49.5,12795
25.89999962,49.5,12800
25.89999962,49.5,12805
25.89999962,49.5,12810
26,49.5,12815
25.89999962,49.5,12820
26.39999962,49.5,12825
26.39999962,49.5,12830
26.39999962,49.5,12835
26.39999962,49.5,12840
26.39999962,49.5,12845
26.39999962,49.5,12850
26.5,49.5,12855
26.5,49.5,12860
26.5,49.5,12865
26.5,49.5,12870
26.5,49.5,12875
26.5,49.5,12880
26.60000038,49.5,12885
25.79999924,49.40000153,12890
25.79999924,49.40000153,12895
25.79999924,49.40000153,12900
25.79999924,49.40000153,12905
25.79999924,49.40000153,12910
25.79999924,49.40000153,12915
25.79999924,49.40000153,12920
25.79999924,49.40000153,12925
25.79999924,49.40000153,12930
25.70000076,49.40000153,12935
25.79999924,49.40000153,12940
25.89999962,49.40000153,12945
25.89999962,49.40000153,12950
25.89999962,49.40000153,12955
26,49.40000153,12960
25.79999924,49.40000153,12965
25.79999924,49.40000153,12970
25.89999962,49.40000153,12975
25.79999924,49.40000153,12980
25.89999962,49.40000153,12985
25.89999962,49.40000153,12990
25.89999962,49.40000153,12995
25.89999962,49.40000153,13000
25.89999962,49.40000153,13005
25.89999962,49.40000153,13010
25.89999962,49.40000153,13015
25.79999924,49.40000153,13020
25.89999962,49.40000153,13025
26,49.40000153,13030
25.89999962,49.40000153,13035
26.39999962,49.40000153,13040
26.39999962,49.40000153,13045
26.5,49.40000153,13050
26.39999962,49.40000153,13055
26.5,49.40000153,13060
26.70000076,49.40000153,13065
25.79999924,49.29999924,13070
25.79999924,49.29999924,13075
25.79999924,49.29999924,13080
25.70000076,49.29999924,13085
25.79999924,49.29999924,13090
25.70000076,49.29999924,13095
25.79999924,49.29999924,13100
25.79999924,49.29999924,13105
25.70000076,49.29999924,13110
25.89999962,49.29999924,13115
25.70000076,49.29999924,13120
25.70000076,49.29999924,13125
25.79999924,49.29999924,13130
25.89999962,49.29999924,13135
25.79999924,49.29999924,13140
25.79999924,49.29999924,13145
25.89999962,49.29999924,13150
25.79999924,49.29999924,13155
25.89999962,49.29999924,13160
25.89999962,49.29999924,13165
25.89999962,49.29999924,13170
25.89999962,49.29999924,13175
26,49.29999924,13180
25.79999924,49.29999924,13185
25.89999962,49.29999924,13190
26.5,49.29999924,13195
26.39999962,49.29999924,13200
26.39999962,49.29999924,13205
26.39999962,49.29999924,13210
26.39999962,49.29999924,13215
26.5,49.29999924,13220
26.5,49.29999924,13225
26.39999962,49.29999924,13230
26.5,49.29999924,13235
26.60000038,49.29999924,13240
26.70000076,49.29999924,13245
26.60000038,49.29999924,13250
26.70000076,49.29999924,13255
26.60000038,49.29999924,13260
26.70000076,49.29999924,13265
26.70000076,49.29999924,13270
25.79999924,49.20000076,13275
25.79999924,49.20000076,13280
25.79999924,49.20000076,13285
25.79999924,49.20000076,13290
25.79999924,49.20000076,13295
25.79999924,49.20000076,13300
25.79999924,49.20000076,13305
25.89999962,49.20000076,13310
25.89999962,49.20000076,13315
25.79999924,49.20000076,13320
25.89999962,49.20000076,13325
25.89999962,49.20000076,13330
25.89999962,49.20000076,13335
26,49.20000076,13340
25.89999962,49.20000076,13345
25.89999962,49.20000076,13350
25.89999962,49.20000076,13355
25.89999962,49.20000076,13360
26.39999962,49.20000076,13365
26.5,49.20000076,13370
26.39999962,49.20000076,13375
26.5,49.20000076,13380
26.5,49.20000076,13385
26.39999962,49.20000076,13390
26.5,49.20000076,13395
26.5,49.20000076,13400
26.60000038,49.20000076,13405
26.60000038,49.20000076,13410
26.60000038,49.20000076,13415
26.60000038,49.20000076,13420
25.79999924,49.09999847,13425
25.79999924,49.09999847,13430
25.79999924,49.09999847,13435
25.89999962,49.09999847,13440
25.89999962,49.09999847,13445
25.89999962,49.09999847,13450
25.89999962,49.09999847,13455
25.79999924,49.09999847,13460
26.39999962,49.09999847,13465
26.5,49.09999847,13470
26.60000038,49.09999847,13475
26.60000038,49.09999847,13480
26.70000076,49.09999847,13485
26.60000038,49.09999847,13490
26.70000076,49.09999847,13495
26.60000038,49.09999847,13500
26.70000076,49.09999847,13505
26.70000076,49.09999847,13510
26.70000076,49.09999847,13515
25.79999924,49,13520
25.89999962,49,13525
25.79999924,49,13530
25.79999924,49,13535
25.79999924,49,13540
25.89999962,49,13545
25.89999962,49,13550
25.89999962,49,13555
25.89999962,49,13560
25.79999924,49,13565
25.89999962,49,13570
25.79999924,49,13575
25.89999962,49,13580
25.89999962,49,13585
25.89999962,49,13590
26.60000038,49,13595
26.60000038,49,13600
26.70000076,49,13605
26.70000076,49,13610
26.70000076,49,13615
26.60000038,49,13620
26.79999924,49,13625
26.79999924,49,13630
27.10000038,49,13635
25.79999924,48.90000153,13640
25.79999924,48.90000153,13645
25.79999924,48.90000153,13650
25.89999962,48.90000153,13655
25.89999962,48.90000153,13660
25.89999962,48.90000153,13665
26.60000038,48.90000153,13670
26.60000038,48.90000153,13675
26.60000038,48.90000153,13680
26.60000038,48.90000153,13685
26.70000076,48.90000153,13690
26.70000076,48.90000153,13695
26.70000076,48.90000153,13700
26.70000076,48.90000153,13705
26.79999924,48.90000153,13710
26.70000076,48.90000153,13715
26.79999924,48.90000153,13720
26.79999924,48.90000153,13725
27,48.90000153,13730
27,48.90000153,13735
25.79999924,48.79999924,13740
25.79999924,48.79999924,13745
25.89999962,48.79999924,13750
26.60000038,48.79999924,13755
26.70000076,48.79999924,13760
26.70000076,48.79999924,13765
26.70000076,48.79999924,13770
26.70000076,48.79999924,13775
26.70000076,48.79999924,13780
26.79999924,48.79999924,13785
26.79999924,48.79999924,13790
26.79999924,48.79999924,13795
26.79999924,48.79999924,13800
26.79999924,48.79999924,13805
27,48.79999924,13810
27,48.79999924,13815
27,48.79999924,13820
27,48.79999924,13825
25.89999962,48.70000076,13830
25.79999924,48.70000076,13835
25.79999924,48.70000076,13840
26.60000038,48.70000076,13845
26.60000038,48.70000076,13850
26.70000076,48.70000076,13855
26.70000076,48.70000076,13860
26.70000076,48.70000076,13865
26.70000076,48.70000076,13870
26.79999924,48.70000076,13875
26.70000076,48.70000076,13880
26.70000076,48.70000076,13885
26.79999924,48.70000076,13890
26.79999924,48.70000076,13895
26.79999924,48.70000076,13900
27,48.70000076,13905
27,48.70000076,13910
25.79999924,48.59999847,13915
25.79999924,48.59999847,13920
25.79999924,48.59999847,13925
25.89999962,48.59999847,13930
25.79999924,48.59999847,13935
25.79999924,48.59999847,13940
25.89999962,48.59999847,13945
25.79999924,48.59999847,13950
25.70000076,48.59999847,13955
25.89999962,48.59999847,13960
25.79999924,48.59999847,13965
25.89999962,48.59999847,13970
26.60000038,48.59999847,13975
26.70000076,48.59999847,13980
26.70000076,48.59999847,13985
26.70000076,48.59999847,13990
26.70000076,48.59999847,13995
26.60000038,48.59999847,14000
26.70000076,48.59999847,14005
26.70000076,48.59999847,14010
26.70000076,48.59999847,14015
26.70000076,48.59999847,14020
26.70000076,48.59999847,14025
26.79999924,48.59999847,14030
26.70000076,48.59999847,14035
26.70000076,48.59999847,14040
26.79999924,48.59999847,14045
26.70000076,48.59999847,14050
26.70000076,48.59999847,14055
26.79999924,48.59999847,14060
26.70000076,48.59999847,14065
26.79999924,48.59999847,14070
26.79999924,48.59999847,14075
26.79999924,48.59999847,14080
25.79999924,48.5,14085
25.79999924,48.5,14090
25.89999962,48.5,14095
25.89999962,48.5,14100
25.89999962,48.5,14105
25.79999924,48.5,14110
25.89999962,48.5,14115
25.89999962,48.5,14120
25.79999924,48.5,14125
25.79999924,48.5,14130
25.89999962,48.5,14135
25.79999924,48.5,14140
25.89999962,48.5,14145
25.89999962,48.5,14150
26.60000038,48.5,14155
26.70000076,48.5,14160
26.70000076,48.5,14165
26.70000076,48.5,14170
26.70000076,48.5,14175
26.70000076,48.5,14180
26.70000076,48.5,14185
26.70000076,48.5,14190
26.79999924,48.5,14195
26.70000076,48.5,14200
26.70000076,48.5,14205
26.79999924,48.5,14210
26.70000076,48.5,14215
26.70000076,48.5,14220
26.70000076,48.5,14225
26.79999924,48.5,14230
26.79999924,48.5,14235
26.79999924,48.5,14240
27,48.5,14245
27,48.5,14250
27,48.5,14255
25.89999962,48.40000153,14260
25.89999962,48.40000153,14265
25.89999962,48.40000153,14270
25.89999962,48.40000153,14275
25.79999924,48.40000153,14280
25.89999962,48.40000153,14285
25.89999962,48.40000153,14290
25.89999962,48.40000153,14295
25.89999962,48.40000153,14300
26.70000076,48.40000153,14305
26.70000076,48.40000153,14310
26.70000076,48.40000153,14315
26.60000038,48.40000153,14320
26.70000076,48.40000153,14325
26.70000076,48.40000153,14330
26.70000076,48.40000153,14335
26.70000076,48.40000153,14340
26.70000076,48.40000153,14345
26.70000076,48.40000153,14350
26.60000038,48.40000153,14355
26.70000076,48.40000153,14360
26.70000076,48.40000153,14365
26.70000076,48.40000153,14370
26.79999924,48.40000153,14375
26.79999924,48.40000153,14380
26.79999924,48.40000153,14385
26.79999924,48.40000153,14390
25.89999962,48.29999924,14395
25.79999924,48.29999924,14400
25.89999962,48.29999924,14405
25.89999962,48.29999924,14410
25.89999962,48.29999924,14415
25.79999924,48.29999924,14420
25.79999924,48.29999924,14425
25.79999924,48.29999924,14430
25.79999924,48.29999924,14435
26.70000076,48.29999924,14440
26.70000076,48.29999924,14445
26.70000076,48.29999924,14450
26.70000076,48.29999924,14455
26.70000076,48.29999924,14460
26.70000076,48.29999924,14465
26.79999924,48.29999924,14470
27,48.29999924,14475
27,48.29999924,14480
27,48.29999924,14485
27,48.29999924,14490
25.79999924,48.20000076,14495
25.79999924,48.20000076,14500
25.79999924,48.20000076,14505
25.79999924,48.20000076,14510
25.79999924,48.20000076,14515
25.79999924,48.20000076,14520
25.89999962,48.20000076,14525
25.79999924,48.20000076,14530
25.79999924,48.20000076,14535
25.79999924,48.20000076,14540
25.79999924,48.20000076,14545
25.79999924,48.20000076,14550
26.79999924,48.20000076,14555
26.79999924,48.20000076,14560
26.79999924,48.20000076,14565
26.89999962,48.20000076,14570
26.79999924,48.20000076,14575
27,48.20000076,14580
27,48.20000076,14585
27,48.20000076,14590
27,48.20000076,14595
27,48.20000076,14600
27,48.20000076,14605
27,48.20000076,14610
25.89999962,48.09999847,14615
25.79999924,48.09999847,14620
25.89999962,48.09999847,14625
25.79999924,48.09999847,14630
25.70000076,48.09999847,14635
25.79999924,48.09999847,14640
25.79999924,48.09999847,14645
25.79999924,48.09999847,14650
25.79999924,48.09999847,14655
25.79999924,48.09999847,14660
25.79999924,48.09999847,14665
25.79999924,48.09999847,14670
25.70000076,48.09999847,14675
25.89999962,48.09999847,14680
25.79999924,48.09999847,14685
25.79999924,48.09999847,14690
25.89999962,48.09999847,14695
25.79999924,48.09999847,14700
25.79999924,48.09999847,14705
25.89999962,48.09999847,14710
26.70000076,48.09999847,14715
26.79999924,48.09999847,14720
27.10000038,48.09999847,14725
27,48.09999847,14730
27,48.09999847,14735
27.10000038,48.09999847,14740
27,48.09999847,14745
27,48.09999847,14750
25.79999924,48,14755
25.89999962,48,14760
25.79999924,48,14765
25.89999962,48,14770
25.79999924,48,14775
25.79999924,48,14780
25.79999924,48,14785
25.89999962,48,14790
25.79999924,48,14795
25.79999924,48,14800
25.79999924,48,14805
25.89999962,48,14810
25.79999924,48,14815
25.79999924,48,14820
25.79999924,48,14825
25.79999924,48,14830
25.79999924,48,14835
25.79999924,48,14840
25.89999962,48,14845
26.70000076,48,14850
26.79999924,48,14855
26.79999924,48,14860
26.79999924,48,14865
26.89999962,48,14870
27,48,14875
26.89999962,48,14880
27,48,14885
27,48,14890
27,48,14895
27,48,14900
27,48,14905
27.10000038,48,14910
27.10000038,48,14915
27,48,14920
25.79999924,47.90000153,14925
25.89999962,47.90000153,14930
25.79999924,47.90000153,14935
25.79999924,47.90000153,14940
25.89999962,47.90000153,14945
25.79999924,47.90000153,14950
25.89999962,47.90000153,14955
25.79999924,47.90000153,14960
25.79999924,47.90000153,14965
25.79999924,47.90000153,14970
25.79999924,47.90000153,14975
25.89999962,47.90000153,14980
26.79999924,47.90000153,14985
26.79999924,47.90000153,14990
26.79999924,47.90000153,14995
26.89999962,47.90000153,15000
26.70000076,47.90000153,15005
26.79999924,47.90000153,15010
26.89999962,47.90000153,15015
27.10000038,47.90000153,15020
27,47.90000153,15025
27,47.90000153,15030
27,47.90000153,15035
27,47.90000153,15040
27.10000038,47.90000153,15045
27,47.90000153,15050
27,47.90000153,15055
25.79999924,47.79999924,15060
25.79999924,47.79999924,15065
25.79999924,47.79999924,15070
25.89999962,47.79999924,15075
25.79999924,47.79999924,15080
25.79999924,47.79999924,15085
25.79999924,47.79999924,15090
25.79999924,47.79999924,15095
25.79999924,47.79999924,15100
25.79999924,47.79999924,15105
25.79999924,47.79999924,15110
26.89999962,47.79999924,15115
26.79999924,47.79999924,15120
26.79999924,47.79999924,15125
27,47.79999924,15130
27,47.79999924,15135
26.89999962,47.79999924,15140
27,47.79999924,15145
27,47.79999924,15150
27,47.79999924,15155
27,47.79999924,15160
27,47.79999924,15165
27.10000038,47.79999924,15170
27,47.79999924,15175
27,47.79999924,15180
27,47.79999924,15185
27,47.79999924,15190
27,47.79999924,15195
27.10000038,47.79999924,15200
27,47.79999924,15205
27,47.79999924,15210
27,47.79999924,15215
25.89999962,47.70000076,15220
25.79999924,47.70000076,15225
25.89999962,47.70000076,15230
25.70000076,47.70000076,15235
25.79999924,47.70000076,15240
25.79999924,47.70000076,15245
25.79999924,47.70000076,15250
25.89999962,47.70000076,15255
25.79999924,47.70000076,15260
26.79999924,47.70000076,15265
26.89999962,47.70000076,15270
26.79999924,47.70000076,15275
26.79999924,47.70000076,15280
26.79999924,47.70000076,15285
26.79999924,47.70000076,15290
26.89999962,47.70000076,15295
26.79999924,47.70000076,15300
26.79999924,47.70000076,15305
26.79999924,47.70000076,15310
26.79999924,47.70000076,15315
26.79999924,47.70000076,15320
26.79999924,47.70000076,15325
26.79999924,47.70000076,15330
26.79999924,47.70000076,15335
26.79999924,47.70000076,15340
27,47.70000076,15345
27,47.70000076,15350
27,47.70000076,15355
27,47.70000076,15360
27.10000038,47.70000076,15365
27,47.70000076,15370
27,47.70000076,15375
25.79999924,47.59999847,15380
25.79999924,47.59999847,15385
25.79999924,47.59999847,15390
25.79999924,47.59999847,15395
25.79999924,47.59999847,15400
25.79999924,47.59999847,15405
25.70000076,47.59999847,15410
25.79999924,47.59999847,15415
25.79999924,47.59999847,15420
25.79999924,47.59999847,15425
25.79999924,47.59999847,15430
25.79999924,47.59999847,15435
25.79999924,47.59999847,15440
25.79999924,47.59999847,15445
26.79999924,47.59999847,15450
26.70000076,47.59999847,15455
26.79999924,47.59999847,15460
26.79999924,47.59999847,15465
26.79999924,47.59999847,15470
26.79999924,47.59999847,15475
26.79999924,47.59999847,15480
27,47.59999847,15485
25.79999924,47.5,15490
25.89999962,47.5,15495
25.79999924,47.5,15500
25.79999924,47.5,15505
25.70000076,47.5,15510
25.79999924,47.5,15515
25.79999924,47.5,15520
25.79999924,47.5,15525
25.79999924,47.5,15530
25.70000076,47.5,15535
25.79999924,47.5,15540
25.79999924,47.5,15545
25.79999924,47.5,15550
25.79999924,47.5,15555
25.89999962,47.5,15560
26.79999924,47.5,15565
26.79999924,47.5,15570
26.79999924,47.5,15575
26.89999962,47.5,15580
26.79999924,47.5,15585
26.89999962,47.5,15590
26.79999924,47.5,15595
26.79999924,47.5,15600
26.79999924,47.5,15605
26.89999962,47.5,15610
26.89999962,47.5,15615
27,47.5,15620
27,47.5,15625
27,47.5,15630
27,47.5,15635
25.79999924,47.40000153,15640
25.79999924,47.40000153,15645
25.79999924,47.40000153,15650
25.79999924,47.40000153,15655
25.79999924,47.40000153,15660
25.79999924,47.40000153,15665
25.79999924,47.40000153,15670
25.79999924,47.40000153,15675
25.79999924,47.40000153,15680
26.79999924,47.40000153,15685
26.89999962,47.40000153,15690
26.89999962,47.40000153,15695
26.89999962,47.40000153,15700
26.89999962,47.40000153,15705
26.79999924,47.40000153,15710
26.89999962,47.40000153,15715
26.79999924,47.40000153,15720
26.89999962,47.40000153,15725
26.89999962,47.40000153,15730
26.79999924,47.40000153,15735
26.79999924,47.40000153,15740
26.79999924,47.40000153,15745
26.89999962,47.40000153,15750
26.79999924,47.40000153,15755
26.79999924,47.40000153,15760
26.79999924,47.40000153,15765
27,47.40000153,15770
27,47.40000153,15775
27,47.40000153,15780
27,47.40000153,15785
27,47.40000153,15790
27,47.40000153,15795
25.89999962,47.29999924,15800
25.79999924,47.29999924,15805
25.70000076,47.29999924,15810
25.79999924,47.29999924,15815
25.89999962,47.29999924,15820
25.79999924,47.29999924,15825
25.79999924,47.29999924,15830
25.79999924,47.29999924,15835
25.79999924,47.29999924,15840
25.79999924,47.29999924,15845
25.79999924,47.29999924,15850
25.79999924,47.29999924,15855
25.79999924,47.29999924,15860
25.79999924,47.29999924,15865
25.79999924,47.29999924,15870
26.89999962,47.29999924,15875
26.79999924,47.29999924,15880
26.79999924,47.29999924,15885
26.89999962,47.29999924,15890
26.79999924,47.29999924,15895
26.89999962,47.29999924,15900
26.89999962,47.29999924,15905
26.89999962,47.29999924,15910
26.89999962,47.29999924,15915
26.89999962,47.29999924,15920
26.89999962,47.29999924,15925
26.89999962,47.29999924,15930
26.89999962,47.29999924,15935
26.79999924,47.29999924,15940
26.79999924,47.29999924,15945
26.89999962,47.29999924,15950
26.89999962,47.29999924,15955
26.89999962,47.29999924,15960
27,47.29999924,15965
25.79999924,47.20000076,15970
25.79999924,47.20000076,15975
25.70000076,47.20000076,15980
25.79999924,47.20000076,15985
25.79999924,47.20000076,15990
25.79999924,47.20000076,15995
25.79999924,47.20000076,16000
25.79999924,47.20000076,16005
25.89999962,47.20000076,16010
25.79999924,47.20000076,16015
25.79999924,47.20000076,16020
26.89999962,47.20000076,16025
26.89999962,47.20000076,16030
26.89999962,47.20000076,16035
26.89999962,47.20000076,16040
26.89999962,47.20000076,16045
26.79999924,47.20000076,16050
26.89999962,47.20000076,16055
26.89999962,47.20000076,16060
26.89999962,47.20000076,16065
26.89999962,47.20000076,16070
26.89999962,47.20000076,16075
26.89999962,47.20000076,16080
26.89999962,47.20000076,16085
27,47.20000076,16090
25.79999924,47.09999847,16095
25.79999924,47.09999847,16100
25.79999924,47.09999847,16105
25.79999924,47.09999847,16110
25.79999924,47.09999847,16115
25.79999924,47.09999847,16120
25.70000076,47.09999847,16125
25.89999962,47.09999847,16130
25.79999924,47.09999847,16135
25.79999924,47.09999847,16140
25.79999924,47.09999847,16145
27,47.09999847,16150
26.79999924,47.09999847,16155
26.89999962,47.09999847,16160
26.89999962,47.09999847,16165
26.89999962,47.09999847,16170
26.89999962,47.09999847,16175
26.89999962,47.09999847,16180
27,47.09999847,16185
26.89999962,47.09999847,16190
27,47.09999847,16195
27,47.09999847,16200
26.89999962,47.09999847,16205
25.79999924,47,16210
25.79999924,47,16215
25.89999962,47,16220
26.79999924,47,16225
26.89999962,47,16230
26.89999962,47,16235
26.89999962,47,16240
26.89999962,47,16245
26.89999962,47,16250
26.89999962,47,16255
27,47,16260
26.89999962,47,16265
26.89999962,47,16270
27,47,16275
25.79999924,46.90000153,16280
26.79999924,46.90000153,16285
26.89999962,46.90000153,16290
26.89999962,46.90000153,16295
26.89999962,46.90000153,16300
26.89999962,46.90000153,16305
26.89999962,46.90000153,16310
26.89999962,46.90000153,16315
26.89999962,46.90000153,16320
26.89999962,46.90000153,16325
27,46.90000153,16330
26.89999962,46.90000153,16335
27,46.90000153,16340
26.89999962,46.90000153,16345
27,46.90000153,16350
26.79999924,46.79999924,16355
26.89999962,46.79999924,16360
26.89999962,46.79999924,16365
26.89999962,46.79999924,16370
26.79999924,46.79999924,16375
26.79999924,46.79999924,16380
26.89999962,46.79999924,16385
26.79999924,46.79999924,16390
26.79999924,46.79999924,16395
26.89999962,46.79999924,16400
26.89999962,46.79999924,16405
27,46.79999924,16410
26.89999962,46.79999924,16415
27,46.79999924,16420
26.89999962,46.70000076,16425
26.79999924,46.70000076,16430
26.79999924,46.70000076,16435
26.89999962,46.70000076,16440
26.79999924,46.70000076,16445
26.89999962,46.70000076,16450
26.89999962,46.70000076,16455
26.89999962,46.70000076,16460
26.89999962,46.70000076,16465
26.89999962,46.70000076,16470
26.89999962,46.70000076,16475
27,46.70000076,16480
26.89999962,46.70000076,16485
26.89999962,46.70000076,16490
26.89999962,46.70000076,16495
26.89999962,46.70000076,16500
26.89999962,46.70000076,16505
26.89999962,46.70000076,16510
26.89999962,46.70000076,16515
26.89999962,46.70000076,16520
27,46.70000076,16525
26.89999962,46.70000076,16530
26.89999962,46.70000076,16535
27,46.70000076,16540
27,46.70000076,16545
25.70000076,46.59999847,16550
26.89999962,46.59999847,16555
26.89999962,46.59999847,16560
26.89999962,46.59999847,16565
26.89999962,46.59999847,16570
26.79999924,46.59999847,16575
26.89999962,46.59999847,16580
26.89999962,46.59999847,16585
27,46.59999847,16590
26.89999962,46.59999847,16595
26.89999962,46.59999847,16600
26.89999962,46.59999847,16605
26.89999962,46.59999847,16610
27,46.59999847,16615
26.89999962,46.59999847,16620
27,46.59999847,16625
27,46.59999847,16630
26.89999962,46.5,16635
26.79999924,46.5,16640
26.89999962,46.5,16645
26.79999924,46.5,16650
27,46.5,16655
26.89999962,46.5,16660
26.89999962,46.5,16665
26.89999962,46.5,16670
26.89999962,46.5,16675
26.89999962,46.5,16680
27,46.5,16685
26.89999962,46.5,16690
26.79999924,46.40000153,16695
26.79999924,46.40000153,16700
26.89999962,46.40000153,16705
26.89999962,46.40000153,16710
27,46.40000153,16715
26.89999962,46.40000153,16720
27,46.40000153,16725
26.89999962,46.40000153,16730
26.89999962,46.29999924,16735
26.89999962,46.29999924,16740
26.89999962,46.29999924,16745
27,46.20000076,16750
26.89999962,46.09999847,16755
26.89999962,46.09999847,16760
26.89999962,46.09999847,16765
27,46,16770
27,46,16775
26.89999962,46,16780
26.89999962,45.90000153,16785
26.89999962,45.90000153,16790
26.89999962,45.79999924,16795
26.89999962,45.79999924,16800
26.89999962,45.70000076,16805
26.89999962,45.70000076,16810
26.89999962,45.70000076,16815
26.89999962,45.59999847,16820
26.89999962,45.59999847,16825
26.89999962,45.5,16830
26.89999962,45.5,16835
27,45.5,16840
26.89999962,45.5,16845
26.89999962,45.5,16850
26.89999962,45.5,16855
26.89999962,45.5,16860
26.89999962,45.40000153,16865
26.89999962,45.29999924,16870
26.89999962,45.29999924,16875
26.89999962,45.29999924,16880
